date,ret_1,ret_5,hl_range,close_vs_ema20,close_vs_ema50,vol_chg_1,ema20,ema50,xtrend,xtrend_slope_1,rsi14,rsi_sma14,rsi_diff,atr21,atr_stop_21_4,dist_to_atr_stop,label
2024-02-20,0.001733620049858109,0.008196368086738293,0.004883159416490462,0.01176238861524875,0.02282928315014019,0.1529961124774739,104.04185337410888,102.8767285040966,1.1651248700122778,0.03225139902578178,99.3186300492731,98.62590156912377,0.6927284801493272,0.5600201377964957,103.41831944881402,0.0176850020344374,1
2024-02-21,0.0003599917173411349,0.006744891862827229,0.004815886348120574,0.01096392099921292,0.022271873849229403,-0.15589523466255994,104.1634006718128,102.97246856275947,1.1909321090533211,0.025807239041043317,99.3341310991041,98.73675605305583,0.5973750460482705,0.5575048931395197,103.45388042744192,0.017700846982219437,1
2024-02-22,0.0012523963117450077,0.0067142926698406935,0.003500237079184342,0.011039033274879486,0.022573478820886318,-0.5610769153133196,104.28593394116396,103.06962665833754,1.2163072828264205,0.02537517377309939,99.386445532652,98.84203104896301,0.5444144836889961,0.5485332315614467,103.48976707375421,0.018589216939267846,1
2024-02-23,0.001603603603603565,0.007571638171664619,0.00460712124984979,0.01142026264905141,0.023191771137328437,0.4607064525258242,104.41290213724358,103.1696060050694,1.24329613217418,0.02698884934775947,99.44648610434726,98.93929199880661,0.5071941055406484,0.5460649824394733,103.7624400702421,0.017578827406765404,0
2024-02-24,0.0010679886497801938,0.006031513444594516,0.007135027366386152,0.011286839815461391,0.023283530112315654,0.32685092685092676,104.53852098131561,103.27008812251765,1.268432858797965,0.025136726623784966,99.48284123903659,99.02657384819351,0.456267390843081,0.5559856975614034,104.05145720975439,0.015893432258813157,0
2024-02-25,-0.003999738962413457,0.0002735557113304754,0.01026123123379772,0.006619567791204603,0.018601967058405527,-0.5939511565933732,104.61189993547603,103.35004545104637,1.2618544844296622,-0.006578374368302775,78.63100424977415,97.61349485770735,-18.9824906079332,0.5809673310108605,103.96763067595656,0.01273746141396691,1
2024-02-26,0.001152797956490037,0.001066293448134692,0.004636233951497838,0.00702404313581721,0.018958213358026867,1.5854897436281634,104.68985232257354,103.43162798237789,1.2582243401956532,-0.0036301442340089807,79.93140945181176,96.29041031384338,-16.35900086203162,0.5765784104865338,103.98518635805387,0.013707750724137815,1
2024-02-27,0.0016674507542415729,0.0014812707444287199,0.0073499472568845665,0.007850642008258161,0.01978382598368007,-0.7836896489774157,104.77712352994749,103.51690531640229,1.2602182135452011,0.0019938733495479255,81.67089458664549,95.08150186695671,-13.410607280311226,0.5860842004633656,103.94716319814654,0.0157096534280512,1
2024-02-28,0.0022072567709092716,0.0020848501833474753,0.005698261420852157,0.009079961850068723,0.021082153626111905,1.0541393168117885,104.87828319376202,103.60797961771985,1.270303576042167,0.0100853624969659,83.6896148901766,94.00229420790376,-10.31267931772716,0.5868944766317766,103.94392209347289,0.01790807296086711,1
2024-02-29,0.0007265732105183886,0.0017430879422388745,0.004468627084430983,0.008866137442584614,0.020938269461293214,1.6954379603695022,104.97713241340372,103.69849806408378,1.278634349319944,0.00833077327777687,84.30379846522905,92.96623595873335,-8.6624374935043,0.5814852158397877,103.96555913664085,0.018416832017757005,1
2024-03-01,0.001342570824859779,0.007116200894510483,0.005971238487474877,0.009224066374810037,0.02137837985448322,-0.5347531286102256,105.08011027879385,103.79104323804128,1.2890670407525704,0.010432691432626484,85.39871965834908,91.99796574087146,-6.599246082522384,0.5839525865140838,104.11808965394367,0.018294735221880923,1
2024-03-02,0.000874989628355749,0.006836737790997693,0.0032368922819524886,0.00912925314390575,0.021361996801007213,1.4220034633925644,105.18211882367063,103.88359840517693,1.298520418493709,0.009453377741138524,86.08109965039954,91.0720181963618,-4.990918545962259,0.5725072252515081,104.16387109899397,0.01872168097022019,1
2024-03-03,0.0012896698294508901,0.0064570072590435235,0.004322214810500914,0.00941450299447045,0.02173533457305132,-0.12323400838228726,105.28745036427343,103.97789258536606,1.3095577789073616,0.011037360413652664,87.04310284023929,90.2112706169478,-3.168167776708515,0.5671211669061983,104.29411533237521,0.018760187336350792,1
2024-03-04,0.0003688089259286098,0.004610763676630603,0.005210326980935301,0.008848304594266328,0.02122948471870002,-0.6049550812602471,105.38648366291406,104.07002620946936,1.3164574534446984,0.006899674537336864,87.31348694658347,89.35940462597296,-2.0459176793894898,0.5664963494344747,104.54321460226211,0.016779184628386904,1
2024-03-05,0.0007947159384278368,0.004679170891704887,0.005930733245749095,0.008717709522114784,0.021143703275720512,1.7405867985816657,105.48413283787463,104.16186047576468,1.322272362109942,0.005814908665243479,87.89966926455782,88.54376456992188,-0.6440953053640612,0.5695727137471189,104.64980914501153,0.0165582280817397,1
2024-03-06,0.0010628520521220874,0.004398520060645783,0.0032067619871036152,0.008839684243009781,0.021313057394080043,-0.051298290773251765,105.58325351998181,104.25452869240137,1.3287248275804444,0.006452465470502489,88.65524196841125,87.78098677487239,0.8742551935388576,0.5587168702353521,104.6932325190586,0.01719473551199208,1
2024-03-07,0.001828680430584706,0.005355568283731182,0.006653879274398232,0.00963471113506904,0.022193633630781688,0.11568314929015333,105.69148651807878,104.35120207701307,1.3402844410657053,0.011559613485260911,89.83282210780685,87.09858510166916,2.7342370061376897,0.5659255907003352,104.95379763719866,0.01654710763618471,1
2024-03-08,0.002001504876794069,0.006070293852275199,0.007033356307155943,0.010506975201009107,0.023199874883773352,-0.5147897760724365,105.80975446873794,104.452460819091,1.3572936496469339,0.017009208581228563,90.94296358267731,86.49119063583558,4.451772946841729,0.5750529435241286,105.17708822590349,0.01642343193464069,1
2024-03-09,0.00027400257917786774,0.005974947167848743,0.004148178896174856,0.009751546042830949,0.022547155270020654,0.9228033472803348,105.91954928123909,104.55089764971488,1.3686516315242017,0.011357981877267775,91.0867327930489,85.89146860397932,5.195264189069576,0.5687980414515507,105.2021078341938,0.016458950752937927,1
2024-03-10,0.0006432154790554367,0.0058226625242689956,0.00260484306474539,0.009398738819795137,0.022266622209119437,-0.5666069209581456,106.02543982588298,104.64817225168686,1.377267574196125,0.008615942671923449,91.43071034215161,86.80573332486344,4.624977017288174,0.5549886109062383,105.25734555637504,0.016575083981195816,1
2024-03-11,0.0016527860048545229,0.006415401469515469,0.007197203947828727,0.009982499715050924,0.02294347155689084,0.09769433029874608,106.1380931757989,104.74856941828737,1.389523757511526,0.012256183315400904,92.25802206592184,87.68620565444272,4.571816411479119,0.5653034389583225,105.4203862441667,0.016677008737507146,1
2024-03-12,-0.0001940148290756616,0.00438344560563797,0.0032345189504373035,0.008857966807084137,0.02186156263719992,0.298263775205593,106.23803668286567,104.84421375482513,1.3938229280405352,0.004299170529009189,91.14380020892051,88.3628417703195,2.7809584386010044,0.5548937513888784,105.46202499444449,0.01609772599935169,1
2024-03-13,0.0008751020408164223,0.003254365104228496,0.0051257768129207406,0.008798410403105517,0.021825930852442773,-0.2211401169712096,106.33739509402132,104.93978576443983,1.3976093295814849,0.0037864015409496687,91.63446558291373,88.93033110551501,2.704134477398725,0.5546559537036935,105.51507618518522,0.01646348259030026,1
2024-03-14,0.0011325366116927693,0.004115457178490489,0.0042484925905097335,0.008974978045972276,0.02203318202140717,-0.6981610487069725,106.43886222792405,105.03637455799121,1.4024876699328388,0.004878340351353927,92.234614656847,89.49681797634487,2.7377966805021288,0.5499723368606604,105.53381065255736,0.01740168177591865,1
2024-03-15,0.0020790891857567217,0.005556313380932876,0.00711072871729066,0.009980548473546024,0.023118626258294705,4.648206721933443,106.55193249193128,105.13793241846214,1.4140000734691398,0.011512403536301008,93.20013780424524,90.05406212962316,3.1460756746220824,0.5602260351053907,105.83579585957844,0.01663447937276882,1
2024-03-16,0.0016826773431350972,0.005586321208339351,0.004723246684822468,0.010534715877844795,0.023788674796094762,-0.31927007543913055,106.671481778414,105.24260957852245,1.4288721998915577,0.014872126422417864,93.86624000371168,90.61014358343118,3.2560964202804996,0.5577962239098956,105.84551510436042,0.018196232678704006,1
2024-03-17,0.0009711781773389383,0.006758250728863047,0.0045138673306650895,0.010399994373776356,0.023765797523102872,0.6380163831179622,106.78961684713649,105.34728763426668,1.442329212869808,0.013457012978250305,94.21882955999726,91.12269549198531,3.096134068011949,0.5544297370570433,106.05918105177183,0.017168810374279135,1
2024-03-18,0.0009424354496583298,0.0068259799238077346,0.005440981506032556,0.010252536058248803,0.02371693098358783,-0.6422720851242899,106.90618667121873,105.45184890351113,1.4543377677075995,0.012008554837791507,94.54674183799924,91.63935655565787,2.907385282341366,0.5560140352924221,106.18084385883031,0.016967827580690598,1
2024-03-19,0.0010248709421776248,0.006717701959353173,0.005599111393090996,0.010192921809103047,0.023747197371034843,0.07917235584497417,107.022197464436,105.55665090729502,1.465546557140982,0.011208789433382549,94.88672132827007,92.13843170306589,2.7482896252041797,0.5583657478975443,106.34003700840982,0.016501961090986783,1
2024-03-20,0.0022659106232363335,0.006905388191154493,0.005067855933368575,0.011246792735456205,0.02493648227205655,1.3077140187643557,107.15049294401352,105.66695087171482,1.4835420722987038,0.017995515157721798,95.54822600038551,92.63078770534977,2.917438295035737,0.5579292837119469,106.35608286515222,0.018577375094678827,1
2024-03-21,0.0009006240697320145,0.006119257340882589,0.006519039448900974,0.010980630546427781,0.02480154961269992,-0.016341013215920963,107.27586504458367,105.77675279831423,1.4991122462694335,0.015570173970729684,95.78231244961475,93.05575130119318,2.726561148421567,0.5660183654399495,106.8330265382402,0.015063336942051362,1
2024-03-22,0.0009873979988366255,0.006135560582289701,0.0042045056827601955,0.010817535090357579,0.024753175097096968,-0.23235317236303354,107.39949694509951,105.88644876700779,1.5130481780917222,0.013935931822288694,96.02906426711407,93.41904420722439,2.6100200598896777,0.5608032051809045,106.85388717927638,0.015842769177921177,1
2024-03-23,0.0014469394145928405,0.006642682032632852,0.004232459710239301,0.011080396651358492,0.025136288354286607,0.15344588128846803,107.52631628366147,105.99800371732123,1.5283125663402473,0.015264388248525051,96.3650039425231,93.79606357504397,2.5689403674791293,0.5560125763627662,106.87304969454894,0.017088489911819698,1
2024-03-24,0.0011155961817732596,0.006733916427666964,0.004021041336709219,0.011022173411594019,0.02519429221178504,0.35766316146266264,107.6526099709318,106.1099408264459,1.542669144485913,0.014356578145665821,96.60390474168871,94.16557746072519,2.43832728096352,0.5503786441550158,106.89918542337995,0.017943697857098748,1
2024-03-25,0.0010619885275842122,0.005524627362177403,0.003220211438220356,0.010921690663355918,0.025199860708189765,0.010167069489637415,107.77788521179544,106.22202157834998,1.5558636334454548,0.013194488959541673,96.81850332409839,94.49132612202352,2.3271772020748642,0.5408796611000148,106.95018135559994,0.018517533995301975,1
2024-03-26,0.00041938917847428314,0.005041169241492227,0.003771085652537293,0.010256675461055728,0.024604254662370588,0.017086050471990744,107.89558185829111,106.33149916351273,1.564082694778378,0.008219061332923161,96.90185078339182,94.90261544877147,1.9992353346203515,0.5346996772381096,107.21450129104757,0.016504335775709214,1
2024-03-27,0.001192510666090607,0.005247112568386614,0.006196418116666486,0.010346449197346405,0.024755606148065965,0.09213079585335637,108.01445025273958,106.44178154925733,1.5726687034822504,0.008586008703872494,97.1320207880614,95.29529796342489,1.8367228246365102,0.5414425497505813,107.50822980099768,0.014984558879736652,1
2024-03-28,0.000889652815508235,0.004687711243609227,0.005648072881194613,0.01015696089039648,0.024617661361888424,-0.5943064381811285,108.13124546676437,106.55154697869821,1.5796984880661569,0.007029784583906462,97.29374522106198,95.65666443229738,1.6370807887646066,0.5450405235719823,107.55743790571208,0.015409646343563167,1
2024-03-29,0.0020157303864489773,0.005591057248163445,0.0044143576250901834,0.010991231985419807,0.02553746836213793,1.0409261730593955,108.25788875564396,106.66564317561202,1.5922455800319426,0.01254709196578574,97.62132528430982,95.97246353801627,1.648861746293548,0.542095736735221,107.56921705305912,0.017282712079561474,1
2024-03-30,0.0016572112441874953,0.006188972909477952,0.003707507314688554,0.011424896122374607,0.026084993238448498,-0.5486590342282489,108.38974696939215,106.78237873735273,1.6073682320394198,0.0151226520074772,97.85199410831572,96.2571602597737,1.5948338485420237,0.535638796890687,107.68454481243725,0.017856734142655966,1
2024-03-31,0.001182936528204337,0.00695692376279311,0.0040966693722722545,0.01139360876785766,0.026167644525002785,1.3831389381885812,108.52139963897385,106.89962270843694,1.6217769305369103,0.01440869849749049,98.00123983580346,96.52733242233128,1.4739074134721761,0.5315464732292261,107.9321141070831,0.01676187203230056,1
2024-04-01,0.0016680012498622165,0.007435152006025181,0.006548121416722437,0.011797968133297289,0.026699516995190832,0.070073378254911,108.65795205430967,107.0194492688904,1.638502785419277,0.016725854882366775,98.19220282095709,96.78772249254257,1.4044803284145218,0.5405204506945009,108.32541819722199,0.014822234899104475,1
2024-04-02,0.0009622100637349806,0.0075081837555199815,0.004998137396534653,0.011533825167998288,0.02655140541927121,-0.4611274539232755,108.79157566818495,107.1387257681496,1.6528499000353492,0.014347114616072076,98.29364970416859,97.03107451939245,1.2625751847761393,0.5409766197090485,108.3235935211638,0.015785850381481236,1
2024-04-03,0.0019361990169086685,0.007428216442386004,0.008013667760607473,0.012163613562104339,0.027317551262000615,0.11060977421271545,108.93276846169115,107.26168162037902,1.6710868413121318,0.01823694127678266,98.47881268546097,97.24040213975499,1.2384105457059746,0.5572967806752845,108.66421287729887,0.014598959526317953,1
2024-04-04,0.0011970172506508003,0.006965371060830394,0.0061482110137030055,0.012073737311127734,0.02736359544382015,-0.5955877299063563,109.0730857510539,107.38499214507004,1.6880936059838518,0.01700676467172002,98.58149419724974,97.4403436931575,1.1411505040922378,0.5630826482621755,108.6410694069513,0.015986712627732456,1
2024-04-05,0.0016077010237660616,0.007392588827215718,0.006040678726321011,0.012358575313576991,0.02779048839769955,-0.08082148992659688,109.21694425095353,107.51042774722416,1.7065165037293752,0.018422897745523414,98.70780665052135,97.63168243482944,1.0761242156919053,0.5680787126306429,108.76518514947742,0.01644380225026664,1
2024-04-06,0.00029660817698107245,0.006013358167689997,0.005583258901934939,0.011446532784806585,0.0269776400184209,0.42029014477254667,109.35022575086272,107.63223058066635,1.7179951701963745,0.011478666466999243,98.73030622036184,97.8006325975322,0.9296736228296396,0.5704368691720406,108.86985252331183,0.015789227245581704,1
2024-04-07,0.001442824029709966,0.006496397452321778,0.0066359139163718025,0.011644997340668728,0.02726659514755601,-0.4437774884768305,109.48601377459008,107.75551565593433,1.7304981186557455,0.012502948459371055,98.83646813037511,97.9601014110098,0.8763667193653077,0.5782779706400388,108.98918811743985,0.016129954886980432,1
2024-04-08,1.8054452227911355e-05,0.0045695226712347825,0.003687555290761736,0.01055209444319287,0.026214190058126786,1.8579362870372713,109.60906008177199,107.87404445374084,1.7350156280311495,0.004517509375403961,98.83777954504747,98.10433542679188,0.7334441182555906,0.5701933053714657,109.02152677851414,0.01585579466578077,1
2024-04-09,-0.00022477387206842891,0.00314294228308043,0.0030184256693492006,0.009345866937716682,0.024975837310108513,1.0851383595178334,109.71801626446037,107.98694859280982,1.7310676716505498,-0.003947956380599749,97.3663993711668,98.13751746877581,-0.7711180976090048,0.5589602908299673,109.06645883668013,0.0152288393130294,1
2024-04-10,0.0009868798254855093,0.0025211695043387827,0.004791525350344196,0.009339458719505972,0.02491997834169384,-0.2496462513255624,109.82700519165464,108.0997113930918,1.7272937985628403,-0.0037738730877094895,97.53954921360665,98.16662664202904,-0.6270774284223961,0.5576383722190164,109.07174651112393,0.016152036117530022,1
2024-04-11,0.0005700760582487696,0.0027952455512925134,0.004679713249241012,0.008960661302351208,0.024476490961986914,-0.15019388206933915,109.93163326863991,108.21053055414703,1.7211027144928863,-0.006191084069953945,97.63631961327202,98.19109624147261,-0.5547766282005853,0.5558032116371588,109.08468715345137,0.016595924173938507,1
2024-04-12,0.0013152960182321038,0.002667545316675124,0.003182634609238165,0.009285082087124785,0.024747793679057502,0.20751450379137837,110.04019200495992,108.32272543437657,1.7174665705833547,-0.0036361439095315973,97.84685452492502,98.20720547294513,-0.3603509480201126,0.5461697253687225,109.12322109852511,0.017540763395424507,1
2024-04-13,0.002771187928496621,0.005427973063243607,0.006928576494914314,0.01087790909329076,0.026366738670321094,-0.7722110400352928,110.16772609972564,108.4425911036167,1.7251349961089346,0.007668425525579892,98.20923998658151,98.2327230356784,-0.023483049096896025,0.5569092622559266,109.50876295097629,0.016794297046432417,1
2024-04-14,0.0006177090357004644,0.00627521938437825,0.005862818657294336,0.010394376654421719,0.02591022908786657,3.020753015511805,110.28966647118034,108.56045419759253,1.7292122735878053,0.004077277478870656,98.27896546207973,98.25256058041244,0.026404881667289715,0.5615040592913589,109.67008376283457,0.015953759975858104,1
2024-04-15,0.0007626868470616,0.006049841966257352,0.0027821337342905203,0.010086792960831257,0.025607388812962456,-0.18063355636002376,110.40808871202032,108.67702854278498,1.7310601692353345,0.0018478956475291852,98.36373186239777,98.26481265480103,0.09891920759673667,0.5495419612298655,109.71793215508053,0.016274700917660066,1
2024-04-16,0.0013439956389627028,0.006828000028848091,0.0037937734480627903,0.010328260928833937,0.025859712074342126,-0.6051452946860614,110.52950883468505,108.79490977640125,1.7345990582837914,0.0035388890484568947,98.50369735857433,98.27981605868717,0.22388129988715377,0.543549486885586,109.74190205245766,0.01738042448306677,1
2024-04-17,0.0015454455915402399,0.007059416682047015,0.003937219057427583,0.010726300414268796,0.02628981612012829,1.5049596158856589,110.65580323138171,108.91493684399337,1.740866387388337,0.006267329104545638,98.6471892624801,98.29184295704567,0.35534630543442347,0.5386376065577009,109.9100495737692,0.01739341102484628,1
2024-04-18,0.0010763877713766412,0.005357368918641026,0.0036248839036936717,0.010667140664388782,0.026264748371206383,0.24720935502204666,110.7815362569644,109.0349785363858,1.7465577205786076,0.005691333190270598,98.73809767516634,98.303028919754,0.43506875541234535,0.5323167681501915,110.11733292739923,0.016598798605065076,1
2024-04-19,0.001055583339286903,0.005797317316311501,0.006953972640868116,0.010595090097978136,0.026221267420195336,-0.28314606741573034,110.90655185153922,109.15494800554714,1.7516038459920793,0.005046125413471714,98.82180435552725,98.3111716129687,0.510632742558542,0.5440873982382775,110.56895040704688,0.013606855599603873,1
2024-04-20,0.0016923266324215813,0.006731633927506753,0.0035098531490267864,0.01109840444018838,0.026773633572314364,0.8393359799406279,111.03772786567833,109.27765200532961,1.7600758603487208,0.008472014356641466,98.94298920780656,98.32636325492906,0.6166259528774987,0.5369451411793122,110.59751943528275,0.015018899100558977,1
2024-04-21,0.0015638929534866897,0.006952714379090841,0.0044611615737220915,0.011438475756928284,0.02718373851865083,0.02728587998911225,111.17313473561373,109.40243035806179,1.7707043775519367,0.010628517203215893,99.04129062175076,98.34099343288446,0.7002971888663012,0.5352668011231545,110.60423279550739,0.016497203033026285,1
2024-04-22,0.00047572681720975396,0.005877220273281081,0.0027410165936381215,0.010774390947983173,0.02656214409645946,-0.5383338354064924,111.30074095126957,109.52441348127506,1.7763274699945129,0.005623092442576194,99.06967814611117,98.35755761867472,0.7121205274364542,0.5244636201172903,110.64744551953083,0.01658079049060261,1
2024-04-23,0.0011447566059032965,0.005945916982210475,0.005191678400025579,0.010771659715376799,0.02658991659410837,1.1611091794986592,111.42846086067247,109.64666393298977,1.7817969276827057,0.005469457688192847,99.13600629638916,98.48395811333346,0.6520481830556975,0.5273367810640861,110.91225287574366,0.01535439884888507,1
2024-04-24,0.0012251224678581085,0.006116284339421574,0.0030750187533583303,0.010840950007690005,0.02669155279536764,-0.6455084409573765,111.55715982632272,109.76953201404899,1.7876278122737261,0.0058308845910204354,99.2016797304563,98.60268172167987,0.5989980087764337,0.5187397914896059,110.94664083404159,0.01625432183740711,1
2024-04-25,0.0004619621598904722,0.004880485982407201,0.004192076886057923,0.010221722293188176,0.02607662481759908,-0.3045471783744801,111.67856365238723,109.88962487624315,1.7889387761440787,0.0013109638703525661,99.22561185021141,98.71620259574696,0.509409254464444,0.5165617061805771,111.13695317527768,0.01502187612476899,1
2024-04-26,0.0013817014514512227,0.0046976911688205725,0.00391281182570163,0.01048385021789645,0.02634512805878249,1.9432646621044776,111.80325282835035,110.01112193991989,1.7921308884304636,0.0031921122863849405,99.29383091870632,98.81955805244561,0.474272866260705,0.5130159106481691,111.15113635740732,0.016255415563385327,1
2024-04-27,0.0005991797344491179,0.004821665052038293,0.0038538593876458653,0.010021498611340784,0.025872166194258608,-0.6265194175641937,111.92251446374556,110.13050931482499,1.7920051489205662,-0.00012573950989747118,99.32177242201944,98.8990246549769,0.42274776704253725,0.5093342006173037,111.28366319753079,0.015672274258830485,1
2024-04-28,0.0018804923245663296,0.005560102910287412,0.006839524985410808,0.010748255976763385,0.02661427103665874,0.5673123841124232,112.05066546719837,110.25355208679264,1.797113380405733,0.005108231485166925,99.40181740507651,98.97922836519095,0.4225890398855654,0.5219706672545754,111.7423173309817,0.01347054174139319,1
2024-04-29,0.0013348859917310385,0.0056703416746617386,0.0038626582953695332,0.010917792534608556,0.026817313598469058,0.18879168547604586,112.18101161317948,110.37769906378117,1.8033125493983135,0.006199168992580439,99.45140611905083,99.05691938352331,0.3944867355275221,0.5179768259567388,111.75829269617304,0.014644838257924031,0
2024-04-30,-0.004000201023988126,0.001184948582803269,0.008362722811192057,0.006283910175432112,0.022010369749680896,0.5068952347697042,112.2557343166862,110.47918537500544,1.7765489416807583,-0.02676360771755526,78.43873261523525,97.62370761614194,-19.18497500090669,0.5382969771016558,111.73541209159337,0.010889933824160808,1
2024-05-01,0.0007869652354346446,0.000590329221385133,0.003890159171019208,0.006392428086395862,0.02188609824998218,0.17633913700864023,112.33180723890656,110.5801781053974,1.7516291335091694,-0.024919808171588897,79.3590096418778,96.24598050038466,-16.886970858506857,0.5336066448587194,111.75417342056512,0.01150176754958786,1
2024-05-02,0.0011162757784961563,0.001107420691607297,0.004211848839952341,0.0067860141478669565,0.022075677600808946,0.06014594190640454,112.41265416853452,110.68215935616612,1.7304948123683914,-0.021134321140777956,80.62335346070175,94.95207019935148,-14.328716738649732,0.5308968046273516,111.7650127814906,0.012508203417273479,1
2024-05-03,-0.00019791360187737528,-0.0009693814939952805,0.006188675510324904,0.005961842328441551,0.021023973399863033,-0.25941418706900754,112.48366805724551,110.77926291082628,1.7044051464192336,-0.026089665949157848,79.6902852638529,93.58553312137474,-13.895247857521838,0.5389636234546205,111.73274550618152,0.012597878315761913,1
2024-05-04,0.00040827760756401155,-0.0018938575709779304,0.0024601495523587313,0.0057610897229329935,0.02058336684799074,0.4424898935886621,112.55231871846023,110.87437024765663,1.6779484708035994,-0.02645667561563414,80.19927869823682,92.24669665640545,-12.047417958168623,0.5265605937663048,111.78235762493478,0.012562595789612788,1
2024-05-05,0.0014531224465459402,0.0035709986048850784,0.008265928075576225,0.006517673366346375,0.02114159192199293,-0.2110423352205032,112.63009788813068,110.97219886539558,1.6578990227350943,-0.02004944806850517,81.93527327122992,91.0248382742254,-9.089565002995485,0.5461100893012427,111.82165964279503,0.01364870782317012,1
2024-05-06,-0.00028932071377529844,0.0024917185958983623,0.006417190624001859,0.005636807054509525,0.020040333165900894,0.16471445755409175,112.6973457083087,111.06490479224283,1.6324409160658746,-0.02545810666921966,80.4212560033921,89.69280812117404,-9.271552117781937,0.5547381802868978,111.78714727885242,0.013667766531325289,1
2024-05-07,0.001792013496129119,0.003168384715768635,0.005996161681461882,0.006709290692060564,0.020938653854397696,-0.29240910349200644,112.77753183132693,111.16193989842938,1.6155919328975443,-0.016848983168330278,82.56909014656014,88.50945696761482,-5.940366821054681,0.5614696955113313,111.78642121795468,0.015438520248454188,1
2024-05-08,-2.2018807584678335e-05,0.003344871741622235,0.002073336574573165,0.006050522073140419,0.020096817356853203,-0.635743519781719,112.84984308548627,111.25507166711843,1.5947714183678414,-0.020820514529702905,82.44919072718967,87.31285061023861,-4.863659883048939,0.5459425671536489,111.84852973138541,0.014869806693641071,1
2024-05-09,0.0017298356127704029,0.00467030904248511,0.006742973907355169,0.007027215312327775,0.02093449256357258,0.3510088492325769,112.93397231543996,111.35225317036868,1.5817191450712755,-0.013052273296565886,84.36945050474172,86.25169622841936,-1.8822457236776415,0.556464349670142,111.99824260131943,0.015254625726529842,1
2024-05-10,0.0006084415104825602,0.0038229145533612563,0.005387408349911802,0.00690425057846329,0.02068552719656193,0.5738770906447153,113.0166797139695,111.44833735976599,1.5683423542035086,-0.013376790867766886,84.99249715737952,85.2301723883246,-0.23767523094508647,0.5591612854001353,112.02115485839946,0.015652087667751734,1
2024-05-11,0.0017451301554272103,0.005865733984375732,0.007465723984877347,0.007811997235855265,0.021513479907807307,0.7241606334157913,113.11042450311527,111.54844177703006,1.5619827260852048,-0.006359628118303817,86.63859714824169,84.32423129734048,2.3143658509012113,0.5730631289525099,112.26284748418996,0.0152468181490517,1
2024-05-12,0.0012912167437126865,0.005362900775326196,0.004010575725241449,0.008225620161129673,0.021882140236187467,-0.4190248452259482,113.20926026472334,111.65039307989163,1.558867184831712,-0.003115541253492893,87.714228520274,83.48940351985458,4.224825000419429,0.5675744085262002,112.28480236589519,0.01632437159854307,1
2024-05-13,0.00012439968391975142,0.00551010773599403,0.00692960204060181,0.0075538401644776616,0.021140908432286044,-0.7163307481289771,113.30003547760684,111.74890315518999,1.5511323224168478,-0.0077348624148640965,87.8161256687483,82.65831205911869,5.157813609629613,0.5782184843106668,112.50792606275733,0.01449228412544472,1
2024-05-14,0.002074238102912851,0.00585580991302459,0.0076984804089539486,0.008693086900320364,0.02225857903909819,2.6395086487841564,113.40471781307286,111.85283636479039,1.5518814482824723,0.0007491258656244781,89.39563533704306,83.44094796781926,5.954687369223805,0.592622366010159,112.65001053595937,0.015290224617310487,1
2024-05-15,0.0022098056629766827,0.007465571903580104,0.0045468024979938996,0.0098427712313765,0.02345700478195071,0.46055053914263167,113.52350659278022,111.96260748773979,1.5608991050404342,0.009017656757961845,90.77114805842452,84.25610071185828,6.515047346566234,0.589226062866818,112.66359574853273,0.01734295303585871,1
2024-05-16,0.0011539266650386626,0.0068709923597161104,0.004258422101280381,0.009937925697394306,0.023618542814098156,0.3463124213101705,113.64358215537258,112.07326209606371,1.5703200593088695,0.009420954268435366,91.39986165556311,85.02585129720553,6.37401035835758,0.5844438693969695,112.74222452241212,0.017790546944032294,1
2024-05-17,0.0010079775718456752,0.006586174814845913,0.00298172323759795,0.009893463901496629,0.023636948974023162,-0.7014011697644549,113.76324099771804,112.18411456288474,1.5791264348332987,0.0088063755244292,91.91837738879195,85.8992864489869,6.019090939805054,0.5729274946637807,112.78829002134488,0.018378676924761774,1
2024-05-18,0.0010879025239338702,0.007555902819141869,0.00710193436209523,0.009924724870724698,0.023729434167107256,0.3414598597232146,113.8834085217449,112.2955218349285,1.5878866868164039,0.00876025198310515,92.44812913120589,86.77420433705613,5.673924794149755,0.5845452330131247,113.27971906794751,0.015173057440143403,1
2024-05-19,0.000517278852423475,0.005990426506479185,0.00710173828795366,0.00944264269870737,0.023283817302274527,0.35417936473444045,113.99779818634062,112.40489352767639,1.5929046586642244,0.0050179718478204904,92.69363770701626,87.54265893961228,5.150978767403984,0.5956287933458332,113.34368482661667,0.015126408624822101,1
2024-05-20,0.00196898800446621,0.005748700415169283,0.008151860488712689,0.010304519256634692,0.024214820525135985,0.028312834512382423,114.12287454954627,112.51886240894399,1.6040121406022791,0.011107481938054775,93.55321148488277,88.48065575971876,5.072555725164008,0.6120274222341268,113.54899031106349,0.015281353563850358,1
2024-05-21,0.0008203893640768012,0.005413632352159636,0.0050127506700276105,0.010057142741039306,0.024033719944159586,0.7686160849368093,114.24504840197044,112.6320717262403,1.6129766757301383,0.008964535127859108,93.8770713056456,89.28836869965343,4.588702605992168,0.6104308783182162,113.55537648672714,0.016033207313614968,1
2024-05-22,0.0011637206827739277,0.005570060922541309,0.00632162021810631,0.010140409160530576,0.024181165577870613,-0.5145734699147801,114.3683771255923,112.74610812913284,1.6222689964594679,0.009292320729329617,94.31379403349246,90.13584036438935,4.177953669103104,0.6161436936363965,113.57572522545442,0.017000820274758407,1
2024-05-23,0.0006447983382378286,0.005124972831993091,0.005975894027133268,0.009751756963153458,0.023837026628553363,0.25771164349553133,114.4870554945835,112.85859408485312,1.6284614097303773,0.006192413270909469,94.54618125114335,90.86274970341803,3.68343154772532,0.619703517748949,113.6434859290042,0.017048156338485283,1
2024-05-24,0.0007620151451590562,0.005370836211653129,0.005383630099928621,0.009505217359363527,0.02361637743158426,-0.42067751264982844,114.60282163795651,112.97012372858438,1.6326979093721263,0.004236499641748992,94.81599222692928,91.56442792267158,3.2515643042576983,0.6198557311894753,113.6686770752421,0.017578886945996915,1
2024-05-25,0.00030595682378775635,0.0037021587687569024,0.006936356252916111,0.008874061562209143,0.022977173477242756,-0.4911364832510412,114.71093386291304,113.07866789609088,1.6322659668221604,-0.0004319425499659246,94.92464415710423,92.15628842330463,2.768355733799595,0.6285673630375959,113.89063054784961,0.01596165003845227,1
2024-05-26,0.002079697247230783,0.004965092712058583,0.006967658716643625,0.009889975529846806,0.024024285103525167,1.6650564666072807,114.83167349501656,113.19239464526379,1.6392788497527704,0.007012882930609976,95.59993169053106,92.71955293546584,2.880378755065223,0.6371165362262816,113.89873385509487,0.01793403568849391,1
2024-05-27,0.0010915797469708277,0.004892677860481198,0.0044881672068371545,0.009924859094322737,0.024104616862430324,0.06754737805534616,114.95297125739593,113.30662622780247,1.646345029593462,0.007066179840691689,95.90829906129882,93.29756532064803,2.6107337406507867,0.631591939263125,113.9208322429475,0.01881453953482315,1
2024-05-28,0.0018767446447320868,0.006129853954304876,0.0060460853896729,0.010657639809753873,0.02491572413347558,-0.4466753662108862,115.08346923288204,113.4249232384769,1.658545994405145,0.01220096481168298,96.37871297207231,93.79635658029297,2.582356391779342,0.6350066088220236,114.1977735647119,0.018271732855424414,1
2024-05-29,0.001209560947429189,0.006579800281065307,0.0026840935259767476,0.010724019805704362,0.025070439872335405,1.5369170590915995,115.21493882975042,113.54409879775231,1.670840031998111,0.012294037592965879,96.64678941437377,94.21604524857506,2.430744165798714,0.6196539131638322,114.25918434734466,0.018930463883274885,1
2024-05-30,0.0007135258221646623,0.006989925521436291,0.005867160887882064,0.010340877085247868,0.024755166334500117,-0.40962484712306946,115.34180179834561,113.66185962921301,1.6799421691326017,0.009102137134490818,96.79757713954386,94.60159635457369,2.1959807849701747,0.6227084887274588,114.59466604509016,0.016751473267521536,1
2024-05-31,0.0009712819720799626,0.005876078969672793,0.006228345228278408,0.010224879334713053,0.024693583548305333,-0.5763864061077684,115.46736353183651,113.779441604538,1.6879219272985182,0.00797975816591645,96.99576161779788,94.96426665664555,2.031494961152333,0.6276557035499609,114.67097718580015,0.017051426400776344,1
2024-06-01,0.0008074733285217128,0.005590614726459497,0.004476062572374243,0.009973598994415885,0.024481247476290866,2.3773239318592654,115.58993843356637,113.89610663965415,1.6938317939122243,0.005909866613706072,97.15362184287405,95.30037327890757,1.8532485639664742,0.6226530509999633,114.69098779600014,0.017673100148686987,1
2024-06-02,0.001205950268255318,0.004917333773486243,0.006823205743264075,0.010102646995419788,0.024650129825848854,-0.4156664941620173,115.71424905894101,114.01371814398144,1.7005309149595718,0.006699121047347489,97.37559743174477,95.634798973531,1.7407984582137601,0.6309838580952032,114.98586456761919,0.016333736820509433,1
2024-06-03,0.0009375919627152562,0.004644357607808125,0.005741644787222444,0.009979430994496013,0.024561253284750326,1.1958010567118187,115.8371586723752,114.13101547166845,1.706143200706748,0.0056122857471763155,97.536637354293,95.9193293927746,1.6173079615184065,0.6329274839001938,115.03209006439923,0.016860076984882462,1
2024-06-04,0.0009897029865439944,0.004921619604108196,0.003999296451691697,0.009914642003473024,0.024524685831334252,-0.8132244875407482,115.95939117976803,114.24825408062263,1.7111370991454038,0.0049938984386557195,97.69740662383158,96.19221048693075,1.5051961369008353,0.6250928418097085,115.06342863276117,0.017564556254312417,1
2024-06-05,0.00023480070969594813,0.004182231815134774,0.0021869752902521906,0.009180673492786938,0.023782942032851116,4.6058808738481565,116.07260154359965,114.36197352844135,1.7106280151582922,-0.0005090839871115804,97.73520836097485,96.43659722460805,1.2986111363668016,0.6075265160092458,115.13369393596302,0.017195379729052166,1
2024-06-06,0.000635093526911712,0.004009270742687088,0.0031563906246666836,0.008875295422769134,0.023445575404637063,-0.25033772374197905,116.18211568230444,114.47415103712993,1.7079646451745134,-0.002663369983778807,97.8385929931643,96.67176949189526,1.166823501269036,0.5962157295326146,115.17893708186955,0.017433196853252984,1
2024-06-07,0.002357909104480971,0.00516445499900775,0.005326858379099731,0.010139467581729211,0.024733264366585694,0.2780824135600857,116.30752371256116,114.59276864351699,1.7147550690441733,0.0067904238696598895,98.17237609769933,96.91151119695029,1.2608649007490413,0.5976292662215378,115.33418293511384,0.018423296429891357,1
2024-06-08,0.0007302196020557705,0.004956206924844109,0.003567641028126953,0.00982730279143377,0.02444706424434723,-0.39881698192703074,116.4291595494601,114.7100992849477,1.7190602645123931,0.004305195468219836,98.26209574816448,97.14990059631172,1.1121951518527595,0.5891469202109884,115.52441231915604,0.017521732681581498,1
2024-06-09,0.0004626452251015323,0.004427060653719339,0.004044573615405138,0.009305647753841694,0.023921790815408947,0.9516588567790283,116.54439197332104,114.82496205808702,1.7194299152340164,0.0003696507216233158,98.31846006214631,97.34408119428424,0.9743788678620717,0.5837494478199892,115.68490220872005,0.016611805014488827,1
2024-06-10,0.0014357471282933076,0.00563304057001357,0.007653130517452021,0.009704471725948198,0.024328195554104697,-0.3685792910830903,116.6647355949095,114.94194393816204,1.7227916567474608,0.0033617415134443718,98.48296857972743,97.52798615988627,0.9549824198411585,0.598885188399989,116.07685924640003,0.01469459420073317,1
2024-06-11,0.002184911041694937,0.007190599074409887,0.0049226953874716515,0.010733608619306572,0.025417841203474578,0.7618378551170684,116.79813220491812,115.06443241117529,1.7336997937428293,0.010908136995368523,98.69284842242172,97.69328154919695,0.9995668732247651,0.5980430365714179,116.08022785371432,0.016814173723086336,1
2024-06-12,0.0001821024618560152,0.005004302167935126,0.006689988474589529,0.009874321411385025,0.024591546124815622,-0.6143961146777668,116.92087199492592,115.18296055191351,1.7379114430124076,0.004211649269578288,98.70891581175408,97.84057629186698,0.8683395198871011,0.6071838443537316,116.30686462258508,0.015073944505401688,1
2024-06-13,0.0010543083102358963,0.0053297750472638405,0.005669503956471274,0.009877394024767512,0.024614183714844508,1.2728809664500034,117.0437794239806,115.30172288321103,1.7420565407695676,0.004145097757159988,98.80083651462853,97.98366624723016,0.8171702673983674,0.610184613670221,116.29486154531912,0.016212805657329795,1
2024-06-14,0.0007579641219037647,0.005626530634797566,0.00620282161604722,0.009615178933949626,0.024358698627455936,-0.19942395509112487,117.16351471693483,115.41934159367334,1.7441731232614899,0.0021165824919222587,98.86354610134312,98.11707942462625,0.7464666767168637,0.6160710606383059,116.45981575744678,0.015563556035479207,1
2024-06-15,-3.2966754296204215e-05,0.00415167051473575,0.003939234351476021,0.008669906362168644,0.02337255212080705,0.3352827712287021,117.2714752200839,115.53219486450968,1.7392803555742233,-0.0048927676872665415,98.62179429749864,98.22194888567086,0.39984541182778344,0.608924819655529,116.48840072137789,0.015289464227120653,1
2024-06-16,0.0017143277392259737,0.0036801637058783143,0.003089454083927522,0.009379180435878903,0.024061830785862933,-0.7031386166037277,117.38846805626639,115.64857545805832,1.7398925982080726,0.0006122426338492915,98.78779086871388,98.32281984545439,0.46497102325949413,0.597361733005266,116.53465306797894,0.016584376290790626,1
2024-06-17,0.001183967243854278,0.0046855324341650295,0.006209531002139233,0.009545831662992313,0.02422708266214795,1.0713378163626777,117.50768062233625,115.76589406754623,1.7417865547900249,0.0018939565819522386,98.88761058398045,98.4193179332892,0.4682926506912537,0.6039968885764437,116.80961244569423,0.015429740967275556,1
2024-06-18,0.001249997892788457,0.004881931861055788,0.004229365637245982,0.009755461006671642,0.02444742013305321,0.5976404928487853,117.62966342020898,115.88442763352481,1.7452357866841766,0.003449231894151694,98.98294533468665,98.51114212692171,0.47180320776493545,0.5991589415013747,116.8289642339945,0.016496005640322938,1
2024-06-19,0.0006734658658034132,0.0047970854007997055,0.003243079537472144,0.009429345399499777,0.02411950954820704,-0.629822090241954,117.74764785637956,116.00145007926895,1.7461977771106092,0.0009619904264326351,99.03118124130789,98.60371161837406,0.4274696229338275,0.5889847061917858,116.86966117523286,0.016815546799758843,1
2024-06-20,0.0015176434463293198,0.006355185376480055,0.006947565244197985,0.009889409881465082,0.024594448841630454,1.838702985869444,117.87157663196245,116.12095791929762,1.7506187126648314,0.004420935554222183,99.13124043073273,98.69604357820037,0.43519685253235707,0.6003235297064627,117.24260588117416,0.015172707339806132,1
2024-06-21,0.0008231911424632088,0.0054599202193419405,0.006184802122421913,0.009684381210530968,0.024400783279973758,0.006546205720131759,117.99303600034699,116.2396223146193,1.7534136857276934,0.0027949730628620273,99.18074096717397,98.76806964030571,0.4126713268682636,0.6068271711490117,117.24759131540395,0.015940898878578046,0
2024-06-22,0.001099483075094776,0.005375075227452397,0.003579875232545111,0.009746113904470756,0.024473347877988938,-0.42658817231914825,118.11540400031393,116.35877045914403,1.7566335411699043,0.0032198554422109282,99.2428456871522,98.83812320737626,0.4047224797759412,0.598263972522868,117.28184410990852,0.016734498931415487,0
2024-06-23,0.00042421940694792326,0.0045458945941736495,0.0030671633348278043,0.009197828241660872,0.023911048566449978,0.3692666444941646,118.23093695266498,116.47523044113838,1.755706511526597,-0.0009270296433072645,99.26599128951672,98.90580400933129,0.36018728018542845,0.5872037833551124,117.32608486657955,0.016780694749539766,0
2024-06-24,-0.003999882676812283,-0.0001455389779461136,0.01031626100535798,0.004721789735065939,0.019207162250305516,-0.3013011424328659,118.29000962383974,116.5684057179565,1.7216039058832422,-0.03410260564335488,75.7446678587081,97.28163967211562,-21.53697181340752,0.6176274127191548,117.53309034912338,0.011090419372094026,1
2024-06-25,0.0021346019224037782,0.0004703949385505002,0.004757990645221123,0.006190188387773391,0.020461155821815916,0.31458718912523476,118.36761823109309,116.6678760819582,1.6997421491348916,-0.021861756748350558,78.64163159812682,95.84940989895169,-17.20777830082487,0.6152022978277663,117.54279080868893,0.013115406597974274,1
2024-06-26,0.0008454731921188063,0.000492669133649315,0.005569369224264617,0.006360221175783374,0.020453781810758572,0.2523379511374222,118.44742601860804,116.76739466697944,1.6800313516285996,-0.01971079750629201,79.67909450052264,94.49013694814946,-14.811042447626818,0.6175212360264439,117.53351505589423,0.014026899274075853,1
2024-06-27,0.0014042964424489934,0.0007972977391452751,0.004043627956070419,0.007015188345792184,0.020971448583227734,-0.11834702890647775,118.53557592159775,116.86957526827436,1.666000653323394,-0.014030698305205647,81.30481174396996,93.24042089310241,-11.935609149132446,0.6111011771680415,117.55919529132784,0.015194430136397388,1
2024-06-28,0.0011761453595033888,0.001549504100026411,0.007036867832393758,0.007402500269403084,0.02125406297939389,-0.5093292290441062,118.62870202430273,116.97325466951851,1.655447354784215,-0.010553298539178968,82.56468833996789,92.07621676728989,-9.511528427322006,0.62204874016004,117.63170503935984,0.015744635836986987,1
