date,equity
2015-01-01,1.0
2015-01-02,1.0
2015-01-03,1.0
2015-01-04,1.0
2015-01-05,1.0
2015-01-06,1.0
2015-01-07,1.0
2015-01-08,1.0
2015-01-09,1.0
2015-01-10,1.0
2015-01-11,1.0
2015-01-12,1.0
2015-01-13,1.0
2015-01-14,1.0
2015-01-15,1.0
2015-01-16,1.0
2015-01-17,1.0
2015-01-18,1.0
2015-01-19,1.0
2015-01-20,1.0
2015-01-21,1.0
2015-01-22,1.0
2015-01-23,1.0
2015-01-24,1.0
2015-01-25,1.0
2015-01-26,1.0
2015-01-27,1.0
2015-01-28,1.0
2015-01-29,1.0
2015-01-30,1.0
2015-01-31,1.0
2015-02-01,1.0
2015-02-02,1.0
2015-02-03,1.0
2015-02-04,1.0
2015-02-05,1.0
2015-02-06,1.0
2015-02-07,1.0
2015-02-08,1.0
2015-02-09,1.0
2015-02-10,1.0
2015-02-11,1.0
2015-02-12,1.0
2015-02-13,1.0
2015-02-14,1.0
2015-02-15,1.0
2015-02-16,1.0
2015-02-17,1.0
2015-02-18,1.0
2015-02-19,1.0
2015-02-20,1.0
2015-02-21,1.0
2015-02-22,1.0
2015-02-23,1.0
2015-02-24,1.0
2015-02-25,1.0
2015-02-26,1.0
2015-02-27,1.0
2015-02-28,0.9995984117638178
2015-03-01,0.9995984117638178
2015-03-02,1.0006976221006396
2015-03-03,1.0006976221006396
2015-03-04,0.9981694694933815
2015-03-05,0.9981694694933815
2015-03-06,0.9973148920268919
2015-03-07,0.9973148920268919
2015-03-08,0.9981660785699914
2015-03-09,0.9981660785699914
2015-03-10,0.9969684421542601
2015-03-11,0.9969684421542601
2015-03-12,0.9969684421542601
2015-03-13,0.9969684421542601
2015-03-14,0.9969684421542601
2015-03-15,0.9969684421542601
2015-03-16,0.9969684421542601
2015-03-17,0.9969684421542601
2015-03-18,0.9969684421542601
2015-03-19,0.9969684421542601
2015-03-20,0.9969684421542601
2015-03-21,0.9969684421542601
2015-03-22,0.9969684421542601
2015-03-23,0.9969684421542601
2015-03-24,0.9969684421542601
2015-03-25,0.9969684421542601
2015-03-26,0.9969684421542601
2015-03-27,0.9978989012226421
2015-03-28,0.9978989012226421
2015-03-29,0.9978989012226421
2015-03-30,0.9978989012226421
2015-03-31,0.9978989012226421
2015-04-01,0.9978989012226421
2015-04-02,0.9978989012226421
2015-04-03,0.9978989012226421
2015-04-04,0.9978989012226421
2015-04-05,0.9978989012226421
2015-04-06,0.9978989012226421
2015-04-07,0.9978989012226421
2015-04-08,0.9978989012226421
2015-04-09,0.9983863552148716
2015-04-10,0.9983863552148716
2015-04-11,0.9983863552148716
2015-04-12,0.9983863552148716
2015-04-13,0.9983863552148716
2015-04-14,0.9983863552148716
2015-04-15,0.9983863552148716
2015-04-16,0.9983863552148716
2015-04-17,0.9983863552148716
2015-04-18,0.9983863552148716
2015-04-19,0.9983863552148716
2015-04-20,0.9983863552148716
2015-04-21,0.9983863552148716
2015-04-22,0.9983863552148716
2015-04-23,0.9983863552148716
2015-04-24,0.9983863552148716
2015-04-25,0.9983863552148716
2015-04-26,0.9983863552148716
2015-04-27,0.9983863552148716
2015-04-28,0.9983863552148716
2015-04-29,0.9972050941326142
2015-04-30,0.9972050941326142
2015-05-01,0.9972050941326142
2015-05-02,0.9972050941326142
2015-05-03,0.9972050941326142
2015-05-04,0.9972050941326142
2015-05-05,0.9972050941326142
2015-05-06,0.9972050941326142
2015-05-07,0.9972050941326142
2015-05-08,0.9972050941326142
2015-05-09,0.9972050941326142
2015-05-10,0.9972050941326142
2015-05-11,0.9972050941326142
2015-05-12,0.9943346691653592
2015-05-13,0.9943346691653592
2015-05-14,0.9943346691653592
2015-05-15,0.9943346691653592
2015-05-16,0.9943346691653592
2015-05-17,0.9943346691653592
2015-05-18,0.9943346691653592
2015-05-19,0.9943346691653592
2015-05-20,0.9943346691653592
2015-05-21,0.9943346691653592
2015-05-22,0.9943346691653592
2015-05-23,0.9943346691653592
2015-05-24,0.9943346691653592
2015-05-25,0.9943346691653592
2015-05-26,0.9943346691653592
2015-05-27,0.9943346691653592
2015-05-28,0.9943346691653592
2015-05-29,0.9943346691653592
2015-05-30,0.9943346691653592
2015-05-31,0.9943346691653592
2015-06-01,0.9943346691653592
2015-06-02,0.9943346691653592
2015-06-03,0.9943346691653592
2015-06-04,0.9943346691653592
2015-06-05,0.9943346691653592
2015-06-06,0.9943346691653592
2015-06-07,0.9943346691653592
2015-06-08,0.9943346691653592
2015-06-09,0.9943346691653592
2015-06-10,0.9943346691653592
2015-06-11,0.9943346691653592
2015-06-12,0.9923881888416999
2015-06-13,0.9923881888416999
2015-06-14,0.9941490254267183
2015-06-15,0.9941490254267183
2015-06-16,0.9943716678308665
2015-06-17,0.9943716678308665
2015-06-18,0.9936347517407675
2015-06-19,0.9936347517407675
2015-06-20,0.9938526687189266
2015-06-21,0.9938526687189266
2015-06-22,0.9936387495221365
2015-06-23,0.9936387495221365
2015-06-24,0.990714268208185
2015-06-25,0.990714268208185
2015-06-26,0.990714268208185
2015-06-27,0.990714268208185
2015-06-28,0.990714268208185
2015-06-29,0.9890341545786215
2015-06-30,0.9890341545786215
2015-07-01,0.9890341545786215
2015-07-02,0.9883599109923702
2015-07-03,0.9883599109923702
2015-07-04,0.9893017488613952
2015-07-05,0.9893017488613952
2015-07-06,0.9893017488613952
2015-07-07,0.9893017488613952
2015-07-08,0.9893017488613952
2015-07-09,0.9893017488613952
2015-07-10,0.9893017488613952
2015-07-11,0.9893017488613952
2015-07-12,0.9893017488613952
2015-07-13,0.9893017488613952
2015-07-14,0.9893017488613952
2015-07-15,0.9893017488613952
2015-07-16,0.9893017488613952
2015-07-17,0.9893017488613952
2015-07-18,0.9893017488613952
2015-07-19,0.9893017488613952
2015-07-20,0.9893017488613952
2015-07-21,0.9893017488613952
2015-07-22,0.9893017488613952
2015-07-23,0.9893017488613952
2015-07-24,0.9893017488613952
2015-07-25,0.9893017488613952
2015-07-26,0.9893017488613952
2015-07-27,0.9893017488613952
2015-07-28,0.9893017488613952
2015-07-29,0.9985492331771872
2015-07-30,0.9985492331771872
2015-07-31,0.9985492331771872
2015-08-01,0.9985492331771872
2015-08-02,0.9985492331771872
2015-08-03,0.9985492331771872
2015-08-04,0.9985492331771872
2015-08-05,0.9985492331771872
2015-08-06,0.9985492331771872
2015-08-07,0.9985492331771872
2015-08-08,0.9985492331771872
2015-08-09,0.9985492331771872
2015-08-10,0.9985492331771872
2015-08-11,0.9985492331771872
2015-08-12,0.9985492331771872
2015-08-13,0.9985492331771872
2015-08-14,0.9985492331771872
2015-08-15,0.9985492331771872
2015-08-16,0.9985492331771872
2015-08-17,0.9985492331771872
2015-08-18,0.9985492331771872
2015-08-19,0.9985492331771872
2015-08-20,0.9985492331771872
2015-08-21,0.9985492331771872
2015-08-22,0.9985492331771872
2015-08-23,0.9985492331771872
2015-08-24,0.9985492331771872
2015-08-25,0.9985492331771872
2015-08-26,0.9985492331771872
2015-08-27,0.9985492331771872
2015-08-28,0.9985492331771872
2015-08-29,0.9985492331771872
2015-08-30,0.9976754631085488
2015-08-31,0.9976754631085488
2015-09-01,0.9968096507654338
2015-09-02,0.9968096507654338
2015-09-03,1.0002659949081711
2015-09-04,1.0002659949081711
2015-09-05,0.9995562237102678
2015-09-06,0.9995562237102678
2015-09-07,1.0014110298493408
2015-09-08,1.0014110298493408
2015-09-09,1.0013910920665268
2015-09-10,1.0013910920665268
2015-09-11,1.0013910920665268
2015-09-12,1.0013910920665268
2015-09-13,1.0013910920665268
2015-09-14,1.0013910920665268
2015-09-15,1.0013910920665268
2015-09-16,1.0013910920665268
2015-09-17,1.0013910920665268
2015-09-18,1.0008161222825303
2015-09-19,1.0008161222825303
2015-09-20,1.0008161222825303
2015-09-21,1.0008161222825303
2015-09-22,1.0008161222825303
2015-09-23,1.0008161222825303
2015-09-24,1.0008161222825303
2015-09-25,0.9986815815566644
2015-09-26,0.9986815815566644
2015-09-27,0.9986815815566644
2015-09-28,0.9986815815566644
2015-09-29,0.9986815815566644
2015-09-30,0.9986815815566644
2015-10-01,0.9986815815566644
2015-10-02,0.9986815815566644
2015-10-03,0.9986815815566644
2015-10-04,0.9986815815566644
2015-10-05,0.9986815815566644
2015-10-06,0.9986815815566644
2015-10-07,0.9986815815566644
2015-10-08,0.9986815815566644
2015-10-09,0.9986815815566644
2015-10-10,0.9986815815566644
2015-10-11,0.9986815815566644
2015-10-12,0.9986815815566644
2015-10-13,0.9986815815566644
2015-10-14,0.9986815815566644
2015-10-15,0.9986815815566644
2015-10-16,0.9986815815566644
2015-10-17,0.9986815815566644
2015-10-18,0.9986815815566644
2015-10-19,0.9986815815566644
2015-10-20,0.9986815815566644
2015-10-21,0.9986815815566644
2015-10-22,0.9986815815566644
2015-10-23,0.9986815815566644
2015-10-24,0.9986815815566644
2015-10-25,0.9986815815566644
2015-10-26,0.9986815815566644
2015-10-27,0.9986815815566644
2015-10-28,1.025692281228903
2015-10-29,1.025692281228903
2015-10-30,1.025692281228903
2015-10-31,1.025692281228903
2015-11-01,1.025692281228903
2015-11-02,1.025692281228903
2015-11-03,1.025692281228903
2015-11-04,1.025692281228903
2015-11-05,1.025692281228903
2015-11-06,1.025692281228903
2015-11-07,1.025692281228903
2015-11-08,1.025692281228903
2015-11-09,1.025692281228903
2015-11-10,1.025692281228903
2015-11-11,1.025692281228903
2015-11-12,1.025692281228903
2015-11-13,1.025692281228903
2015-11-14,1.025692281228903
2015-11-15,1.025692281228903
2015-11-16,1.025692281228903
2015-11-17,1.025692281228903
2015-11-18,1.025692281228903
2015-11-19,1.025692281228903
2015-11-20,1.025692281228903
2015-11-21,1.025692281228903
2015-11-22,1.025692281228903
2015-11-23,1.025692281228903
2015-11-24,1.025692281228903
2015-11-25,1.025692281228903
2015-11-26,1.025692281228903
2015-11-27,1.025692281228903
2015-11-28,1.025692281228903
2015-11-29,1.025692281228903
2015-11-30,1.025692281228903
2015-12-01,1.025692281228903
2015-12-02,1.025692281228903
2015-12-03,1.025692281228903
2015-12-04,1.025692281228903
2015-12-05,1.025692281228903
2015-12-06,1.025692281228903
2015-12-07,1.025692281228903
2015-12-08,1.0254925989663024
2015-12-09,1.0254925989663024
2015-12-10,1.0254925989663024
2015-12-11,1.0254925989663024
2015-12-12,1.0254925989663024
2015-12-13,1.0254925989663024
2015-12-14,1.0254925989663024
2015-12-15,1.0254925989663024
2015-12-16,1.0254925989663024
2015-12-17,1.0254925989663024
2015-12-18,1.0254925989663024
2015-12-19,1.0254925989663024
2015-12-20,1.0254925989663024
2015-12-21,1.0254925989663024
2015-12-22,1.0254925989663024
2015-12-23,1.0254925989663024
2015-12-24,1.0289849861662692
2015-12-25,1.0289849861662692
2015-12-26,1.0289849861662692
2015-12-27,1.02671000387058
2015-12-28,1.02671000387058
2015-12-29,1.02671000387058
2015-12-30,1.02671000387058
2015-12-31,1.02671000387058
2016-01-01,1.02671000387058
2016-01-02,1.02671000387058
2016-01-03,1.02671000387058
2016-01-04,1.02671000387058
2016-01-05,1.02671000387058
2016-01-06,1.02671000387058
2016-01-07,1.02671000387058
2016-01-08,1.02671000387058
2016-01-09,1.02671000387058
2016-01-10,1.02671000387058
2016-01-11,1.026586083472389
2016-01-12,1.026586083472389
2016-01-13,1.026586083472389
2016-01-14,1.026586083472389
2016-01-15,1.026586083472389
2016-01-16,1.026586083472389
2016-01-17,1.026586083472389
2016-01-18,1.026586083472389
2016-01-19,1.026586083472389
2016-01-20,1.026586083472389
2016-01-21,1.026586083472389
2016-01-22,1.026586083472389
2016-01-23,1.026586083472389
2016-01-24,1.026586083472389
2016-01-25,1.026586083472389
2016-01-26,1.026586083472389
2016-01-27,1.0258608510579796
2016-01-28,1.0258608510579796
2016-01-29,1.0258608510579796
2016-01-30,1.0258608510579796
2016-01-31,1.0257541357768205
2016-02-01,1.0257541357768205
2016-02-02,1.0257541357768205
2016-02-03,1.0257541357768205
2016-02-04,1.0257541357768205
2016-02-05,1.0257541357768205
2016-02-06,1.0257541357768205
2016-02-07,1.0257541357768205
2016-02-08,1.0257541357768205
2016-02-09,1.0257541357768205
2016-02-10,1.0257541357768205
2016-02-11,1.0257541357768205
2016-02-12,1.0257541357768205
2016-02-13,1.0257541357768205
2016-02-14,1.0257541357768205
2016-02-15,1.0257541357768205
2016-02-16,1.0257541357768205
2016-02-17,1.0257541357768205
2016-02-18,1.0257541357768205
2016-02-19,1.0257541357768205
2016-02-20,1.0257541357768205
2016-02-21,1.0253758887991162
2016-02-22,1.0253758887991162
2016-02-23,1.0253758887991162
2016-02-24,1.0253758887991162
2016-02-25,1.0253758887991162
2016-02-26,1.0253758887991162
2016-02-27,1.0253758887991162
2016-02-28,1.0253758887991162
2016-02-29,1.0253758887991162
2016-03-01,1.0253758887991162
2016-03-02,1.0253758887991162
2016-03-03,1.0266726184512112
2016-03-04,1.0266726184512112
2016-03-05,1.0266726184512112
2016-03-06,1.0266726184512112
2016-03-07,1.0266726184512112
2016-03-08,1.0266726184512112
2016-03-09,1.0266726184512112
2016-03-10,1.0266726184512112
2016-03-11,1.0266726184512112
2016-03-12,1.0269269809020867
2016-03-13,1.0269269809020867
2016-03-14,1.0269269809020867
2016-03-15,1.0269269809020867
2016-03-16,1.0269269809020867
2016-03-17,1.0269269809020867
2016-03-18,1.0269269809020867
2016-03-19,1.0269269809020867
2016-03-20,1.0269269809020867
2016-03-21,1.0269269809020867
2016-03-22,1.0269269809020867
2016-03-23,1.0269269809020867
2016-03-24,1.0269269809020867
2016-03-25,1.0269269809020867
2016-03-26,1.0269269809020867
2016-03-27,1.0269269809020867
2016-03-28,1.0269269809020867
2016-03-29,1.0269269809020867
2016-03-30,1.0269269809020867
2016-03-31,1.0269269809020867
2016-04-01,1.0269269809020867
2016-04-02,1.0269269809020867
2016-04-03,1.0269269809020867
2016-04-04,1.0269269809020867
2016-04-05,1.028513642351477
2016-04-06,1.028513642351477
2016-04-07,1.0278701722743073
2016-04-08,1.0278701722743073
2016-04-09,1.0278701722743073
2016-04-10,1.0278701722743073
2016-04-11,1.0278701722743073
2016-04-12,1.0278701722743073
2016-04-13,1.0217639802020995
2016-04-14,1.0217639802020995
2016-04-15,1.0217639802020995
2016-04-16,1.0217639802020995
2016-04-17,1.0217639802020995
2016-04-18,1.0217639802020995
2016-04-19,1.0180070407229267
2016-04-20,1.0180070407229267
2016-04-21,1.0180070407229267
2016-04-22,1.0180070407229267
2016-04-23,1.0180070407229267
2016-04-24,1.0180070407229267
2016-04-25,1.0180070407229267
2016-04-26,1.0180070407229267
2016-04-27,1.0180070407229267
2016-04-28,1.0180070407229267
2016-04-29,1.0180070407229267
2016-04-30,1.0180070407229267
2016-05-01,1.0180070407229267
2016-05-02,1.0180070407229267
2016-05-03,1.0180070407229267
2016-05-04,1.0180070407229267
2016-05-05,1.0180070407229267
2016-05-06,1.0179422209040598
2016-05-07,1.0179422209040598
2016-05-08,1.0167529327260747
2016-05-09,1.0167529327260747
2016-05-10,1.0186463292182695
2016-05-11,1.0186463292182695
2016-05-12,1.0200428961965278
2016-05-13,1.0200428961965278
2016-05-14,1.0192936228244311
2016-05-15,1.0192936228244311
2016-05-16,1.0204576885313832
2016-05-17,1.0204576885313832
2016-05-18,1.0201507019606975
2016-05-19,1.0201507019606975
2016-05-20,1.0204627451716854
2016-05-21,1.0204627451716854
2016-05-22,1.0225538513162928
2016-05-23,1.0225538513162928
2016-05-24,1.0233409943648624
2016-05-25,1.0233409943648624
2016-05-26,1.0249511376812237
2016-05-27,1.0249511376812237
2016-05-28,1.0251222175241668
2016-05-29,1.0251222175241668
2016-05-30,1.0259232480170677
2016-05-31,1.0259232480170677
2016-06-01,1.0259232480170677
2016-06-02,1.0259232480170677
2016-06-03,1.0259232480170677
2016-06-04,1.0259232480170677
2016-06-05,1.0246856467462935
2016-06-06,1.0246856467462935
2016-06-07,1.0246856467462935
2016-06-08,1.0239357820779604
2016-06-09,1.0239357820779604
2016-06-10,1.0239357820779604
2016-06-11,1.0239357820779604
2016-06-12,1.0239357820779604
2016-06-13,1.0239357820779604
2016-06-14,1.0239357820779604
2016-06-15,1.023604689164711
2016-06-16,1.023604689164711
2016-06-17,1.023604689164711
2016-06-18,1.0242031188778216
2016-06-19,1.0242031188778216
2016-06-20,1.0247043260603546
2016-06-21,1.0247043260603546
2016-06-22,1.0245618470226556
2016-06-23,1.0245618470226556
2016-06-24,1.0245618470226556
2016-06-25,1.0245618470226556
2016-06-26,1.0245618470226556
2016-06-27,1.0245618470226556
2016-06-28,1.0245618470226556
2016-06-29,1.0245618470226556
2016-06-30,1.0245618470226556
2016-07-01,1.0245618470226556
2016-07-02,1.0245618470226556
2016-07-03,1.0253728375563096
2016-07-04,1.0253728375563096
2016-07-05,1.0253728375563096
2016-07-06,1.0253728375563096
2016-07-07,1.0253728375563096
2016-07-08,1.0253728375563096
2016-07-09,1.0253728375563096
2016-07-10,1.0253728375563096
2016-07-11,1.0253728375563096
2016-07-12,1.0253728375563096
2016-07-13,1.0253728375563096
2016-07-14,1.0253728375563096
2016-07-15,1.0253728375563096
2016-07-16,1.0253728375563096
2016-07-17,1.0253728375563096
2016-07-18,1.0253728375563096
2016-07-19,1.0253728375563096
2016-07-20,1.0253728375563096
2016-07-21,1.025564308046777
2016-07-22,1.025564308046777
2016-07-23,1.023656295214537
2016-07-24,1.023656295214537
2016-07-25,1.0237362068565334
2016-07-26,1.0237362068565334
2016-07-27,1.0237362068565334
2016-07-28,1.022811875262038
2016-07-29,1.022811875262038
2016-07-30,1.024034805182023
2016-07-31,1.024034805182023
2016-08-01,1.0253803116149518
2016-08-02,1.0253803116149518
2016-08-03,1.02396159203801
2016-08-04,1.02396159203801
2016-08-05,1.0250045958148206
2016-08-06,1.0250045958148206
2016-08-07,1.0250045958148206
2016-08-08,1.0250045958148206
2016-08-09,1.0250045958148206
2016-08-10,1.0250045958148206
2016-08-11,1.0250045958148206
2016-08-12,1.0250045958148206
2016-08-13,1.0250045958148206
2016-08-14,1.0250045958148206
2016-08-15,1.0250045958148206
2016-08-16,1.0250045958148206
2016-08-17,1.0250045958148206
2016-08-18,1.0250045958148206
2016-08-19,1.0250045958148206
2016-08-20,1.0250045958148206
2016-08-21,1.0250045958148206
2016-08-22,1.0250045958148206
2016-08-23,1.0250045958148206
2016-08-24,1.0250045958148206
2016-08-25,1.0250045958148206
2016-08-26,1.0250045958148206
2016-08-27,1.0250045958148206
2016-08-28,1.031245605549289
2016-08-29,1.031245605549289
2016-08-30,1.031245605549289
2016-08-31,1.031245605549289
2016-09-01,1.031245605549289
2016-09-02,1.031245605549289
2016-09-03,1.031245605549289
2016-09-04,1.031245605549289
2016-09-05,1.031245605549289
2016-09-06,1.031245605549289
2016-09-07,1.031245605549289
2016-09-08,1.031245605549289
2016-09-09,1.031245605549289
2016-09-10,1.031245605549289
2016-09-11,1.031245605549289
2016-09-12,1.031245605549289
2016-09-13,1.031245605549289
2016-09-14,1.031245605549289
2016-09-15,1.031245605549289
2016-09-16,1.031245605549289
2016-09-17,1.031245605549289
2016-09-18,1.031245605549289
2016-09-19,1.031245605549289
2016-09-20,1.031245605549289
2016-09-21,1.031245605549289
2016-09-22,1.031245605549289
2016-09-23,1.031245605549289
2016-09-24,1.031245605549289
2016-09-25,1.031245605549289
2016-09-26,1.031245605549289
2016-09-27,1.031245605549289
2016-09-28,1.0813255552747711
2016-09-29,1.0813255552747711
2016-09-30,1.0813255552747711
2016-10-01,1.0813255552747711
2016-10-02,1.0813255552747711
2016-10-03,1.0813255552747711
2016-10-04,1.0813255552747711
2016-10-05,1.0813255552747711
2016-10-06,1.0813255552747711
2016-10-07,1.0813255552747711
2016-10-08,1.0813255552747711
2016-10-09,1.0813255552747711
2016-10-10,1.0813255552747711
2016-10-11,1.0813255552747711
2016-10-12,1.0813255552747711
2016-10-13,1.0813255552747711
2016-10-14,1.0813255552747711
2016-10-15,1.0813255552747711
2016-10-16,1.0813255552747711
2016-10-17,1.0813255552747711
2016-10-18,1.0813255552747711
2016-10-19,1.0813255552747711
2016-10-20,1.0813255552747711
2016-10-21,1.0813255552747711
2016-10-22,1.0813255552747711
2016-10-23,1.0813255552747711
2016-10-24,1.0813255552747711
2016-10-25,1.0813255552747711
2016-10-26,1.0813255552747711
2016-10-27,1.0813255552747711
2016-10-28,1.0813255552747711
2016-10-29,1.0813255552747711
2016-10-30,1.0813255552747711
2016-10-31,1.0813255552747711
2016-11-01,1.0813255552747711
2016-11-02,1.0813255552747711
2016-11-03,1.0813255552747711
2016-11-04,1.0813255552747711
2016-11-05,1.0813255552747711
2016-11-06,1.0813255552747711
2016-11-07,1.0813255552747711
2016-11-08,1.0813255552747711
2016-11-09,1.0813255552747711
2016-11-10,1.0813255552747711
2016-11-11,1.0813255552747711
2016-11-12,1.0813255552747711
2016-11-13,1.0813255552747711
2016-11-14,1.0813255552747711
2016-11-15,1.0813255552747711
2016-11-16,1.0813255552747711
2016-11-17,1.0813255552747711
2016-11-18,1.0813255552747711
2016-11-19,1.0803457462857222
2016-11-20,1.0803457462857222
2016-11-21,1.0803457462857222
2016-11-22,1.0803457462857222
2016-11-23,1.0803457462857222
2016-11-24,1.0803457462857222
2016-11-25,1.0803457462857222
2016-11-26,1.0803457462857222
2016-11-27,1.0803457462857222
2016-11-28,1.0803457462857222
2016-11-29,1.0803457462857222
2016-11-30,1.0816821012058135
2016-12-01,1.0816821012058135
2016-12-02,1.0816821012058135
2016-12-03,1.080817071383233
2016-12-04,1.080817071383233
2016-12-05,1.080817071383233
2016-12-06,1.080817071383233
2016-12-07,1.080817071383233
2016-12-08,1.080817071383233
2016-12-09,1.080817071383233
2016-12-10,1.080817071383233
2016-12-11,1.080817071383233
2016-12-12,1.080817071383233
2016-12-13,1.080817071383233
2016-12-14,1.080817071383233
2016-12-15,1.080817071383233
2016-12-16,1.080817071383233
2016-12-17,1.080817071383233
2016-12-18,1.080817071383233
2016-12-19,1.080817071383233
2016-12-20,1.080817071383233
2016-12-21,1.080817071383233
2016-12-22,1.080817071383233
2016-12-23,1.080817071383233
2016-12-24,1.080817071383233
2016-12-25,1.080817071383233
2016-12-26,1.080817071383233
2016-12-27,1.080817071383233
2016-12-28,1.080817071383233
2016-12-29,1.080817071383233
2016-12-30,1.080817071383233
2016-12-31,1.080817071383233
2017-01-01,1.080817071383233
2017-01-02,1.080817071383233
2017-01-03,1.080817071383233
2017-01-04,1.080647970613251
2017-01-05,1.080647970613251
2017-01-06,1.080647970613251
2017-01-07,1.080647970613251
2017-01-08,1.080647970613251
2017-01-09,1.080647970613251
2017-01-10,1.0794061858839887
2017-01-11,1.0794061858839887
2017-01-12,1.0788242656126659
2017-01-13,1.0788242656126659
2017-01-14,1.0788242656126659
2017-01-15,1.0788242656126659
2017-01-16,1.0788242656126659
2017-01-17,1.0784755948582727
2017-01-18,1.0784755948582727
2017-01-19,1.0784755948582727
2017-01-20,1.0784755948582727
2017-01-21,1.0784755948582727
2017-01-22,1.0784755948582727
2017-01-23,1.0784755948582727
2017-01-24,1.0784755948582727
2017-01-25,1.0784755948582727
2017-01-26,1.0784755948582727
2017-01-27,1.07731170408729
2017-01-28,1.07731170408729
2017-01-29,1.07731170408729
2017-01-30,1.07731170408729
2017-01-31,1.07731170408729
2017-02-01,1.07731170408729
2017-02-02,1.07731170408729
2017-02-03,1.07731170408729
2017-02-04,1.07731170408729
2017-02-05,1.07731170408729
2017-02-06,1.0803362267421077
2017-02-07,1.0803362267421077
2017-02-08,1.0803362267421077
2017-02-09,1.0803362267421077
2017-02-10,1.0803362267421077
2017-02-11,1.0803362267421077
2017-02-12,1.0803362267421077
2017-02-13,1.0803362267421077
2017-02-14,1.0803362267421077
2017-02-15,1.0803362267421077
2017-02-16,1.0803362267421077
2017-02-17,1.0803362267421077
2017-02-18,1.0803362267421077
2017-02-19,1.0803362267421077
2017-02-20,1.0803362267421077
2017-02-21,1.0803362267421077
2017-02-22,1.0803362267421077
2017-02-23,1.0803362267421077
2017-02-24,1.0803362267421077
2017-02-25,1.0803362267421077
2017-02-26,1.0803362267421077
2017-02-27,1.0803362267421077
2017-02-28,1.0803362267421077
2017-03-01,1.0803362267421077
2017-03-02,1.0803362267421077
2017-03-03,1.0803362267421077
2017-03-04,1.0803362267421077
2017-03-05,1.0803362267421077
2017-03-06,1.0803362267421077
2017-03-07,1.0803362267421077
2017-03-08,1.0803362267421077
2017-03-09,1.0803362267421077
2017-03-10,1.0803362267421077
2017-03-11,1.0803362267421077
2017-03-12,1.0803362267421077
2017-03-13,1.0803362267421077
2017-03-14,1.0803362267421077
2017-03-15,1.0803362267421077
2017-03-16,1.0803362267421077
2017-03-17,1.0803362267421077
2017-03-18,1.0803362267421077
2017-03-19,1.0803362267421077
2017-03-20,1.0929518937162177
2017-03-21,1.0929518937162177
2017-03-22,1.0929518937162177
2017-03-23,1.0929518937162177
2017-03-24,1.0929518937162177
2017-03-25,1.0929518937162177
2017-03-26,1.0929518937162177
2017-03-27,1.0929518937162177
2017-03-28,1.0929518937162177
2017-03-29,1.0929518937162177
2017-03-30,1.0929518937162177
2017-03-31,1.0929518937162177
2017-04-01,1.0929518937162177
2017-04-02,1.0929518937162177
2017-04-03,1.0929518937162177
2017-04-04,1.0929518937162177
2017-04-05,1.0929518937162177
2017-04-06,1.0929518937162177
2017-04-07,1.0929518937162177
2017-04-08,1.0929518937162177
2017-04-09,1.0929518937162177
2017-04-10,1.0929518937162177
2017-04-11,1.0929518937162177
2017-04-12,1.0929518937162177
2017-04-13,1.0929518937162177
2017-04-14,1.0929518937162177
2017-04-15,1.0929518937162177
2017-04-16,1.0929518937162177
2017-04-17,1.0929518937162177
2017-04-18,1.0929518937162177
2017-04-19,1.0929518937162177
2017-04-20,1.0929518937162177
2017-04-21,1.0929518937162177
2017-04-22,1.0929518937162177
2017-04-23,1.0929518937162177
2017-04-24,1.0929518937162177
2017-04-25,1.0929518937162177
2017-04-26,1.0929518937162177
2017-04-27,1.0929518937162177
2017-04-28,1.0929518937162177
2017-04-29,1.0929518937162177
2017-04-30,1.0929518937162177
2017-05-01,1.0923161544049855
2017-05-02,1.0923161544049855
2017-05-03,1.0923161544049855
2017-05-04,1.0923161544049855
2017-05-05,1.0923161544049855
2017-05-06,1.0923161544049855
2017-05-07,1.0923161544049855
2017-05-08,1.0923161544049855
2017-05-09,1.0923161544049855
2017-05-10,1.0923161544049855
2017-05-11,1.0923161544049855
2017-05-12,1.0923161544049855
2017-05-13,1.0923161544049855
2017-05-14,1.0923161544049855
2017-05-15,1.0923161544049855
2017-05-16,1.0923161544049855
2017-05-17,1.0925958049971054
2017-05-18,1.0925958049971054
2017-05-19,1.0925958049971054
2017-05-20,1.0925958049971054
2017-05-21,1.0925958049971054
2017-05-22,1.0925958049971054
2017-05-23,1.0925958049971054
2017-05-24,1.0925958049971054
2017-05-25,1.0925958049971054
2017-05-26,1.0925958049971054
2017-05-27,1.0925958049971054
2017-05-28,1.092701144263927
2017-05-29,1.092701144263927
2017-05-30,1.092701144263927
2017-05-31,1.092701144263927
2017-06-01,1.092701144263927
2017-06-02,1.092701144263927
2017-06-03,1.092701144263927
2017-06-04,1.092701144263927
2017-06-05,1.09243364558148
2017-06-06,1.09243364558148
2017-06-07,1.09243364558148
2017-06-08,1.09243364558148
2017-06-09,1.09243364558148
2017-06-10,1.09243364558148
2017-06-11,1.09243364558148
2017-06-12,1.09243364558148
2017-06-13,1.09243364558148
2017-06-14,1.09243364558148
2017-06-15,1.09243364558148
2017-06-16,1.09243364558148
2017-06-17,1.09243364558148
2017-06-18,1.09243364558148
2017-06-19,1.09243364558148
2017-06-20,1.09243364558148
2017-06-21,1.09243364558148
2017-06-22,1.09243364558148
2017-06-23,1.09243364558148
2017-06-24,1.09243364558148
2017-06-25,1.09243364558148
2017-06-26,1.09243364558148
2017-06-27,1.09243364558148
2017-06-28,1.09243364558148
2017-06-29,1.09243364558148
2017-06-30,1.09243364558148
2017-07-01,1.09243364558148
2017-07-02,1.09243364558148
2017-07-03,1.09243364558148
2017-07-04,1.09243364558148
2017-07-05,1.09243364558148
2017-07-06,1.1023267430213275
2017-07-07,1.1023267430213275
2017-07-08,1.1023267430213275
2017-07-09,1.1023267430213275
2017-07-10,1.1023267430213275
2017-07-11,1.1023267430213275
2017-07-12,1.1023267430213275
2017-07-13,1.1023267430213275
2017-07-14,1.1023267430213275
2017-07-15,1.1023267430213275
2017-07-16,1.1023267430213275
2017-07-17,1.1023267430213275
2017-07-18,1.1023267430213275
2017-07-19,1.1023267430213275
2017-07-20,1.1023267430213275
2017-07-21,1.1023267430213275
2017-07-22,1.1023267430213275
2017-07-23,1.1023267430213275
2017-07-24,1.1023267430213275
2017-07-25,1.1023267430213275
2017-07-26,1.1023267430213275
2017-07-27,1.1023267430213275
2017-07-28,1.1023267430213275
2017-07-29,1.1023267430213275
2017-07-30,1.1023267430213275
2017-07-31,1.1023267430213275
2017-08-01,1.1023267430213275
2017-08-02,1.1023267430213275
2017-08-03,1.1023267430213275
2017-08-04,1.1023267430213275
2017-08-05,1.1023267430213275
2017-08-06,1.1023267430213275
2017-08-07,1.1015526331896277
2017-08-08,1.1015526331896277
2017-08-09,1.1015526331896277
2017-08-10,1.1015526331896277
2017-08-11,1.1015526331896277
2017-08-12,1.1015526331896277
2017-08-13,1.1015526331896277
2017-08-14,1.1015526331896277
2017-08-15,1.1015526331896277
2017-08-16,1.1006186033827337
2017-08-17,1.1006186033827337
2017-08-18,1.101152488638363
2017-08-19,1.101152488638363
2017-08-20,1.099704503655552
2017-08-21,1.099704503655552
2017-08-22,1.0986163371118864
2017-08-23,1.0986163371118864
2017-08-24,1.0986163371118864
2017-08-25,1.0986163371118864
2017-08-26,1.0986163371118864
2017-08-27,1.0986163371118864
2017-08-28,1.0986163371118864
2017-08-29,1.0983474933543609
2017-08-30,1.0983474933543609
2017-08-31,1.0977135936899873
2017-09-01,1.0977135936899873
2017-09-02,1.095557281054616
2017-09-03,1.095557281054616
2017-09-04,1.096196602540387
2017-09-05,1.096196602540387
2017-09-06,1.0977127167115563
2017-09-07,1.0977127167115563
2017-09-08,1.1001520678956842
2017-09-09,1.1001520678956842
2017-09-10,1.1001520678956842
2017-09-11,1.1001520678956842
2017-09-12,1.1001520678956842
2017-09-13,1.1001520678956842
2017-09-14,1.1001520678956842
2017-09-15,1.1001520678956842
2017-09-16,1.1001520678956842
2017-09-17,1.1001520678956842
2017-09-18,1.1001520678956842
2017-09-19,1.1001520678956842
2017-09-20,1.1001520678956842
2017-09-21,1.1001520678956842
2017-09-22,1.1001520678956842
2017-09-23,1.1001520678956842
2017-09-24,1.1001520678956842
2017-09-25,1.1194261145474542
2017-09-26,1.1194261145474542
2017-09-27,1.1194261145474542
2017-09-28,1.1194261145474542
2017-09-29,1.1194261145474542
2017-09-30,1.1194261145474542
2017-10-01,1.1194261145474542
2017-10-02,1.1194261145474542
2017-10-03,1.1194261145474542
2017-10-04,1.1194261145474542
2017-10-05,1.1194261145474542
2017-10-06,1.1194261145474542
2017-10-07,1.1194261145474542
2017-10-08,1.1194261145474542
2017-10-09,1.1194261145474542
2017-10-10,1.1194261145474542
2017-10-11,1.1194261145474542
2017-10-12,1.1194261145474542
2017-10-13,1.1194261145474542
2017-10-14,1.1194261145474542
2017-10-15,1.1194261145474542
2017-10-16,1.1194261145474542
2017-10-17,1.1194261145474542
2017-10-18,1.1194261145474542
2017-10-19,1.1194261145474542
2017-10-20,1.1194261145474542
2017-10-21,1.1194261145474542
2017-10-22,1.1194261145474542
2017-10-23,1.1194261145474542
2017-10-24,1.1194261145474542
2017-10-25,1.1194261145474542
2017-10-26,1.1194261145474542
2017-10-27,1.1194261145474542
2017-10-28,1.1194261145474542
2017-10-29,1.1194261145474542
2017-10-30,1.1169978849984126
2017-10-31,1.1169978849984126
2017-11-01,1.1169978849984126
2017-11-02,1.1169978849984126
2017-11-03,1.1169978849984126
2017-11-04,1.1169978849984126
2017-11-05,1.1169978849984126
2017-11-06,1.1169978849984126
2017-11-07,1.1169978849984126
2017-11-08,1.1186421882590538
2017-11-09,1.1186421882590538
2017-11-10,1.1206725206471146
2017-11-11,1.1206725206471146
2017-11-12,1.1206725206471146
2017-11-13,1.1206725206471146
2017-11-14,1.1206725206471146
2017-11-15,1.1203199302623594
2017-11-16,1.1203199302623594
2017-11-17,1.1200136692281648
2017-11-18,1.1200136692281648
2017-11-19,1.1200382817924213
2017-11-20,1.1200382817924213
2017-11-21,1.1200382817924213
2017-11-22,1.1200382817924213
2017-11-23,1.1200382817924213
2017-11-24,1.1200382817924213
2017-11-25,1.1200382817924213
2017-11-26,1.1200382817924213
2017-11-27,1.1200382817924213
2017-11-28,1.1200382817924213
2017-11-29,1.1200382817924213
2017-11-30,1.1200382817924213
2017-12-01,1.1200382817924213
2017-12-02,1.1200382817924213
2017-12-03,1.1200382817924213
2017-12-04,1.1200382817924213
2017-12-05,1.1200382817924213
2017-12-06,1.1200382817924213
2017-12-07,1.1200382817924213
2017-12-08,1.1200382817924213
2017-12-09,1.1200382817924213
2017-12-10,1.1200382817924213
2017-12-11,1.1200382817924213
2017-12-12,1.1200382817924213
2017-12-13,1.1240263443267624
2017-12-14,1.1240263443267624
2017-12-15,1.1240263443267624
2017-12-16,1.1240263443267624
2017-12-17,1.1240263443267624
2017-12-18,1.1240263443267624
2017-12-19,1.1240263443267624
2017-12-20,1.1240263443267624
2017-12-21,1.1240263443267624
2017-12-22,1.1240263443267624
2017-12-23,1.1240263443267624
2017-12-24,1.1240263443267624
2017-12-25,1.1240263443267624
2017-12-26,1.1240263443267624
2017-12-27,1.1240263443267624
2017-12-28,1.1240263443267624
2017-12-29,1.1240263443267624
2017-12-30,1.1228253619293314
2017-12-31,1.1228253619293314
2018-01-01,1.1204861737523264
2018-01-02,1.1204861737523264
2018-01-03,1.1204861737523264
2018-01-04,1.1204861737523264
2018-01-05,1.1204861737523264
2018-01-06,1.1204861737523264
2018-01-07,1.1204861737523264
2018-01-08,1.1204861737523264
2018-01-09,1.1204861737523264
2018-01-10,1.1204861737523264
2018-01-11,1.1204861737523264
2018-01-12,1.1204861737523264
2018-01-13,1.1204861737523264
2018-01-14,1.1204861737523264
2018-01-15,1.1204861737523264
2018-01-16,1.1204861737523264
2018-01-17,1.1204861737523264
2018-01-18,1.1204861737523264
2018-01-19,1.1204861737523264
2018-01-20,1.1204861737523264
2018-01-21,1.1204861737523264
2018-01-22,1.1204861737523264
2018-01-23,1.1204861737523264
2018-01-24,1.1204861737523264
2018-01-25,1.1197775999369075
2018-01-26,1.1197775999369075
2018-01-27,1.1211040659467177
2018-01-28,1.1211040659467177
2018-01-29,1.1219282245812339
2018-01-30,1.1219282245812339
2018-01-31,1.1225117725878615
2018-02-01,1.1225117725878615
2018-02-02,1.1222764283848827
2018-02-03,1.1222764283848827
2018-02-04,1.12221200989807
2018-02-05,1.12221200989807
2018-02-06,1.1218285004723743
2018-02-07,1.1218285004723743
2018-02-08,1.1222929971024203
2018-02-09,1.1222929971024203
2018-02-10,1.1219070668408895
2018-02-11,1.1219070668408895
2018-02-12,1.122116307230389
2018-02-13,1.122116307230389
2018-02-14,1.1238045234471665
2018-02-15,1.1238045234471665
2018-02-16,1.1243777796922756
2018-02-17,1.1243777796922756
2018-02-18,1.1243777796922756
2018-02-19,1.1243777796922756
2018-02-20,1.1243777796922756
2018-02-21,1.1243777796922756
2018-02-22,1.1243777796922756
2018-02-23,1.1243777796922756
2018-02-24,1.1235733544828934
2018-02-25,1.1235733544828934
2018-02-26,1.1211016521025694
2018-02-27,1.1211016521025694
2018-02-28,1.1211016521025694
2018-03-01,1.1211016521025694
2018-03-02,1.1211016521025694
2018-03-03,1.1211016521025694
2018-03-04,1.1211016521025694
2018-03-05,1.1211016521025694
2018-03-06,1.1211016521025694
2018-03-07,1.1211016521025694
2018-03-08,1.1211016521025694
2018-03-09,1.1211016521025694
2018-03-10,1.1211016521025694
2018-03-11,1.1211016521025694
2018-03-12,1.1211016521025694
2018-03-13,1.1211016521025694
2018-03-14,1.123851648991932
2018-03-15,1.123851648991932
2018-03-16,1.1223486152851367
2018-03-17,1.1223486152851367
2018-03-18,1.1233803805748757
2018-03-19,1.1233803805748757
2018-03-20,1.123234733804733
2018-03-21,1.123234733804733
2018-03-22,1.12371430494872
2018-03-23,1.12371430494872
2018-03-24,1.123659596935974
2018-03-25,1.123659596935974
2018-03-26,1.1234993531671555
2018-03-27,1.1234993531671555
2018-03-28,1.1234993531671555
2018-03-29,1.1234993531671555
2018-03-30,1.1234993531671555
2018-03-31,1.1234993531671555
2018-04-01,1.1234993531671555
2018-04-02,1.1234993531671555
2018-04-03,1.1234993531671555
2018-04-04,1.1234993531671555
2018-04-05,1.1234993531671555
2018-04-06,1.1234993531671555
2018-04-07,1.1234993531671555
2018-04-08,1.1234993531671555
2018-04-09,1.1234993531671555
2018-04-10,1.1234993531671555
2018-04-11,1.1234993531671555
2018-04-12,1.1234993531671555
2018-04-13,1.1234993531671555
2018-04-14,1.1234993531671555
2018-04-15,1.1250007077752058
2018-04-16,1.1250007077752058
2018-04-17,1.1182616266999668
2018-04-18,1.1182616266999668
2018-04-19,1.1193877860422268
2018-04-20,1.1193877860422268
2018-04-21,1.1193877860422268
2018-04-22,1.1133186588914916
2018-04-23,1.1133186588914916
2018-04-24,1.1133186588914916
2018-04-25,1.1133186588914916
2018-04-26,1.1133186588914916
2018-04-27,1.1133186588914916
2018-04-28,1.1133186588914916
2018-04-29,1.1133186588914916
2018-04-30,1.1133186588914916
2018-05-01,1.1133186588914916
2018-05-02,1.1133186588914916
2018-05-03,1.1133186588914916
2018-05-04,1.1133186588914916
2018-05-05,1.1133186588914916
2018-05-06,1.1133186588914916
2018-05-07,1.112864002345955
2018-05-08,1.112864002345955
2018-05-09,1.112317556207284
2018-05-10,1.112317556207284
2018-05-11,1.11484622925568
2018-05-12,1.11484622925568
2018-05-13,1.1156092898811434
2018-05-14,1.1156092898811434
2018-05-15,1.1132224175220016
2018-05-16,1.1132224175220016
2018-05-17,1.1157546274373003
2018-05-18,1.1157546274373003
2018-05-19,1.118074062317932
2018-05-20,1.118074062317932
2018-05-21,1.1188613793319357
2018-05-22,1.1188613793319357
2018-05-23,1.1195326719617773
2018-05-24,1.1195326719617773
2018-05-25,1.1195326719617773
2018-05-26,1.1195326719617773
2018-05-27,1.1195326719617773
2018-05-28,1.1195326719617773
2018-05-29,1.1195326719617773
2018-05-30,1.1195326719617773
2018-05-31,1.1195326719617773
2018-06-01,1.1195326719617773
2018-06-02,1.1195326719617773
2018-06-03,1.1195326719617773
2018-06-04,1.1195326719617773
2018-06-05,1.1195326719617773
2018-06-06,1.1195326719617773
2018-06-07,1.1195326719617773
2018-06-08,1.1195326719617773
2018-06-09,1.1195326719617773
2018-06-10,1.1195326719617773
2018-06-11,1.1195326719617773
2018-06-12,1.1217803122876735
2018-06-13,1.1217803122876735
2018-06-14,1.1217803122876735
2018-06-15,1.1217803122876735
2018-06-16,1.1217803122876735
2018-06-17,1.1217803122876735
2018-06-18,1.1217803122876735
2018-06-19,1.1217803122876735
2018-06-20,1.1217803122876735
2018-06-21,1.113519084348504
2018-06-22,1.113519084348504
2018-06-23,1.113519084348504
2018-06-24,1.113519084348504
2018-06-25,1.113519084348504
2018-06-26,1.113519084348504
2018-06-27,1.113519084348504
2018-06-28,1.113519084348504
2018-06-29,1.113519084348504
2018-06-30,1.113519084348504
2018-07-01,1.113519084348504
2018-07-02,1.113519084348504
2018-07-03,1.113519084348504
2018-07-04,1.113519084348504
2018-07-05,1.113519084348504
2018-07-06,1.113519084348504
2018-07-07,1.113519084348504
2018-07-08,1.113519084348504
2018-07-09,1.1141652208726807
2018-07-10,1.1141652208726807
2018-07-11,1.1097930686764876
2018-07-12,1.1097930686764876
2018-07-13,1.1097930686764876
2018-07-14,1.1097930686764876
2018-07-15,1.1097930686764876
2018-07-16,1.1097930686764876
2018-07-17,1.1097930686764876
2018-07-18,1.1097930686764876
2018-07-19,1.1097930686764876
2018-07-20,1.1097930686764876
2018-07-21,1.108909042515779
2018-07-22,1.108909042515779
2018-07-23,1.1092287097869158
2018-07-24,1.1092287097869158
2018-07-25,1.1099401621491223
2018-07-26,1.1099401621491223
2018-07-27,1.1091093737477555
2018-07-28,1.1091093737477555
2018-07-29,1.108692547024919
2018-07-30,1.108692547024919
2018-07-31,1.109334174715171
2018-08-01,1.109334174715171
2018-08-02,1.108605821917798
2018-08-03,1.108605821917798
2018-08-04,1.108605821917798
2018-08-05,1.108605821917798
2018-08-06,1.108798626504701
2018-08-07,1.108798626504701
2018-08-08,1.1081380739493056
2018-08-09,1.1081380739493056
2018-08-10,1.1081380739493056
2018-08-11,1.1081380739493056
2018-08-12,1.1081380739493056
2018-08-13,1.1081380739493056
2018-08-14,1.1081380739493056
2018-08-15,1.1081380739493056
2018-08-16,1.1081380739493056
2018-08-17,1.1083981151194813
2018-08-18,1.1083981151194813
2018-08-19,1.1083981151194813
2018-08-20,1.1085671723925958
2018-08-21,1.1085671723925958
2018-08-22,1.112169148931448
2018-08-23,1.112169148931448
2018-08-24,1.112169148931448
2018-08-25,1.112169148931448
2018-08-26,1.112169148931448
2018-08-27,1.112169148931448
2018-08-28,1.112169148931448
2018-08-29,1.112169148931448
2018-08-30,1.112169148931448
2018-08-31,1.112169148931448
2018-09-01,1.112169148931448
2018-09-02,1.112169148931448
2018-09-03,1.112169148931448
2018-09-04,1.112169148931448
2018-09-05,1.112169148931448
2018-09-06,1.112169148931448
2018-09-07,1.112169148931448
2018-09-08,1.112169148931448
2018-09-09,1.112169148931448
2018-09-10,1.112169148931448
2018-09-11,1.112169148931448
2018-09-12,1.112169148931448
2018-09-13,1.112169148931448
2018-09-14,1.112169148931448
2018-09-15,1.112169148931448
2018-09-16,1.112169148931448
2018-09-17,1.112169148931448
2018-09-18,1.112169148931448
2018-09-19,1.119297187182481
2018-09-20,1.119297187182481
2018-09-21,1.119297187182481
2018-09-22,1.119297187182481
2018-09-23,1.119297187182481
2018-09-24,1.119297187182481
2018-09-25,1.119297187182481
2018-09-26,1.119297187182481
2018-09-27,1.119297187182481
2018-09-28,1.119297187182481
2018-09-29,1.119297187182481
2018-09-30,1.119297187182481
2018-10-01,1.119297187182481
2018-10-02,1.119297187182481
2018-10-03,1.119297187182481
2018-10-04,1.119297187182481
2018-10-05,1.119297187182481
2018-10-06,1.119297187182481
2018-10-07,1.119297187182481
2018-10-08,1.119297187182481
2018-10-09,1.119297187182481
2018-10-10,1.119297187182481
2018-10-11,1.148853178130927
2018-10-12,1.148853178130927
2018-10-13,1.148853178130927
2018-10-14,1.148853178130927
2018-10-15,1.148853178130927
2018-10-16,1.148853178130927
2018-10-17,1.148853178130927
2018-10-18,1.148853178130927
2018-10-19,1.148853178130927
2018-10-20,1.148853178130927
2018-10-21,1.148853178130927
2018-10-22,1.148853178130927
2018-10-23,1.148853178130927
2018-10-24,1.148853178130927
2018-10-25,1.148853178130927
2018-10-26,1.148853178130927
2018-10-27,1.148853178130927
2018-10-28,1.148853178130927
2018-10-29,1.148853178130927
2018-10-30,1.148853178130927
2018-10-31,1.148853178130927
2018-11-01,1.148853178130927
2018-11-02,1.148853178130927
2018-11-03,1.148853178130927
2018-11-04,1.148853178130927
2018-11-05,1.148853178130927
2018-11-06,1.148853178130927
2018-11-07,1.148853178130927
2018-11-08,1.148853178130927
2018-11-09,1.148853178130927
2018-11-10,1.148853178130927
2018-11-11,1.148853178130927
2018-11-12,1.148853178130927
2018-11-13,1.148853178130927
2018-11-14,1.148853178130927
2018-11-15,1.148853178130927
2018-11-16,1.148853178130927
2018-11-17,1.148853178130927
2018-11-18,1.148853178130927
2018-11-19,1.148853178130927
2018-11-20,1.148853178130927
2018-11-21,1.148853178130927
2018-11-22,1.148853178130927
2018-11-23,1.148853178130927
2018-11-24,1.148853178130927
2018-11-25,1.148853178130927
2018-11-26,1.148853178130927
2018-11-27,1.148853178130927
2018-11-28,1.148853178130927
2018-11-29,1.148853178130927
2018-11-30,1.148853178130927
2018-12-01,1.148853178130927
2018-12-02,1.148853178130927
2018-12-03,1.148853178130927
2018-12-04,1.148853178130927
2018-12-05,1.148853178130927
2018-12-06,1.148853178130927
2018-12-07,1.148853178130927
2018-12-08,1.148853178130927
2018-12-09,1.148853178130927
2018-12-10,1.148853178130927
2018-12-11,1.148853178130927
2018-12-12,1.148853178130927
2018-12-13,1.148853178130927
2018-12-14,1.148853178130927
2018-12-15,1.148853178130927
2018-12-16,1.148853178130927
2018-12-17,1.148853178130927
2018-12-18,1.148853178130927
2018-12-19,1.148853178130927
2018-12-20,1.148853178130927
2018-12-21,1.148853178130927
2018-12-22,1.148853178130927
2018-12-23,1.148853178130927
2018-12-24,1.148853178130927
2018-12-25,1.148853178130927
2018-12-26,1.148853178130927
2018-12-27,1.148853178130927
2018-12-28,1.148853178130927
2018-12-29,1.148853178130927
2018-12-30,1.148774412229828
2018-12-31,1.148774412229828
2019-01-01,1.148774412229828
2019-01-02,1.148774412229828
2019-01-03,1.148774412229828
2019-01-04,1.148774412229828
2019-01-05,1.148774412229828
2019-01-06,1.148774412229828
2019-01-07,1.148774412229828
2019-01-08,1.148774412229828
2019-01-09,1.148774412229828
2019-01-10,1.148774412229828
2019-01-11,1.148774412229828
2019-01-12,1.148774412229828
2019-01-13,1.148774412229828
2019-01-14,1.148774412229828
2019-01-15,1.1486379345662792
2019-01-16,1.1486379345662792
2019-01-17,1.1486379345662792
2019-01-18,1.1479089920862462
2019-01-19,1.1479089920862462
2019-01-20,1.1479089920862462
2019-01-21,1.1484419461440678
2019-01-22,1.1484419461440678
2019-01-23,1.1484146714027728
2019-01-24,1.1484146714027728
2019-01-25,1.1485656704103322
2019-01-26,1.1485656704103322
2019-01-27,1.1483065060750175
2019-01-28,1.1483065060750175
2019-01-29,1.1478748840577957
2019-01-30,1.1478748840577957
2019-01-31,1.1478748840577957
2019-02-01,1.1476908879378265
2019-02-02,1.1476908879378265
2019-02-03,1.1498349636694603
2019-02-04,1.1498349636694603
2019-02-05,1.1498349636694603
2019-02-06,1.1498349636694603
2019-02-07,1.1498349636694603
2019-02-08,1.1498349636694603
2019-02-09,1.1483115965639052
2019-02-10,1.1483115965639052
2019-02-11,1.1483115965639052
2019-02-12,1.1483115965639052
2019-02-13,1.1483115965639052
2019-02-14,1.1483115965639052
2019-02-15,1.1483115965639052
2019-02-16,1.1483115965639052
2019-02-17,1.1483251867969713
2019-02-18,1.1483251867969713
2019-02-19,1.1483251867969713
2019-02-20,1.1483251867969713
2019-02-21,1.1483251867969713
2019-02-22,1.1483251867969713
2019-02-23,1.1483251867969713
2019-02-24,1.1483251867969713
2019-02-25,1.1483251867969713
2019-02-26,1.1483251867969713
2019-02-27,1.1483251867969713
2019-02-28,1.1483251867969713
2019-03-01,1.1483251867969713
2019-03-02,1.1483251867969713
2019-03-03,1.1483251867969713
2019-03-04,1.1483251867969713
2019-03-05,1.1483251867969713
2019-03-06,1.1483251867969713
2019-03-07,1.1483251867969713
2019-03-08,1.1483251867969713
2019-03-09,1.1483251867969713
2019-03-10,1.1483251867969713
2019-03-11,1.1483251867969713
2019-03-12,1.1483251867969713
2019-03-13,1.1483251867969713
2019-03-14,1.1483251867969713
2019-03-15,1.1483251867969713
2019-03-16,1.1483251867969713
2019-03-17,1.1483251867969713
2019-03-18,1.1483251867969713
2019-03-19,1.1483251867969713
2019-03-20,1.1483251867969713
2019-03-21,1.1483251867969713
2019-03-22,1.149157805037422
2019-03-23,1.149157805037422
2019-03-24,1.1481800147569416
2019-03-25,1.1481800147569416
2019-03-26,1.1481800147569416
2019-03-27,1.1481800147569416
2019-03-28,1.1481800147569416
2019-03-29,1.1490018085895086
2019-03-30,1.1490018085895086
2019-03-31,1.1487711905108067
2019-04-01,1.1487711905108067
2019-04-02,1.1501317302487049
2019-04-03,1.1501317302487049
2019-04-04,1.1521432447956106
2019-04-05,1.1521432447956106
2019-04-06,1.1521432447956106
2019-04-07,1.1521432447956106
2019-04-08,1.1521432447956106
2019-04-09,1.1521432447956106
2019-04-10,1.1521432447956106
2019-04-11,1.1521432447956106
2019-04-12,1.1521432447956106
2019-04-13,1.1521432447956106
2019-04-14,1.146890331301523
2019-04-15,1.146890331301523
2019-04-16,1.146890331301523
2019-04-17,1.146890331301523
2019-04-18,1.146890331301523
2019-04-19,1.146890331301523
2019-04-20,1.146890331301523
2019-04-21,1.146890331301523
2019-04-22,1.146890331301523
2019-04-23,1.146890331301523
2019-04-24,1.146890331301523
2019-04-25,1.146890331301523
2019-04-26,1.146890331301523
2019-04-27,1.146890331301523
2019-04-28,1.146890331301523
2019-04-29,1.146890331301523
2019-04-30,1.146890331301523
2019-05-01,1.146890331301523
2019-05-02,1.146890331301523
2019-05-03,1.146890331301523
2019-05-04,1.146890331301523
2019-05-05,1.146890331301523
2019-05-06,1.146890331301523
2019-05-07,1.1539624557785995
2019-05-08,1.1539624557785995
2019-05-09,1.1539624557785995
2019-05-10,1.1539624557785995
2019-05-11,1.1539624557785995
2019-05-12,1.1539624557785995
2019-05-13,1.1539624557785995
2019-05-14,1.1537979415488668
2019-05-15,1.1537979415488668
2019-05-16,1.1537979415488668
2019-05-17,1.1537979415488668
2019-05-18,1.1537979415488668
2019-05-19,1.1537979415488668
2019-05-20,1.1537979415488668
2019-05-21,1.1537979415488668
2019-05-22,1.1537979415488668
2019-05-23,1.1537979415488668
2019-05-24,1.1537979415488668
2019-05-25,1.1537979415488668
2019-05-26,1.1537979415488668
2019-05-27,1.1537979415488668
2019-05-28,1.1537979415488668
2019-05-29,1.1537979415488668
2019-05-30,1.1537979415488668
2019-05-31,1.1537979415488668
2019-06-01,1.1537979415488668
2019-06-02,1.1537979415488668
2019-06-03,1.1537979415488668
2019-06-04,1.1537979415488668
2019-06-05,1.1537979415488668
2019-06-06,1.1537979415488668
2019-06-07,1.1537979415488668
2019-06-08,1.1537979415488668
2019-06-09,1.1537979415488668
2019-06-10,1.1537979415488668
2019-06-11,1.1511550577100749
2019-06-12,1.1511550577100749
2019-06-13,1.1511550577100749
2019-06-14,1.1511550577100749
2019-06-15,1.1511550577100749
2019-06-16,1.1511550577100749
2019-06-17,1.1511550577100749
2019-06-18,1.1511550577100749
2019-06-19,1.1511550577100749
2019-06-20,1.1515356830015642
2019-06-21,1.1515356830015642
2019-06-22,1.1507524128942421
2019-06-23,1.1507524128942421
2019-06-24,1.1507524128942421
2019-06-25,1.1507524128942421
2019-06-26,1.1507524128942421
2019-06-27,1.149314116207793
2019-06-28,1.149314116207793
2019-06-29,1.149314116207793
2019-06-30,1.149314116207793
2019-07-01,1.149314116207793
2019-07-02,1.149314116207793
2019-07-03,1.1480824099457982
2019-07-04,1.1480824099457982
2019-07-05,1.1480824099457982
2019-07-06,1.1480824099457982
2019-07-07,1.1480824099457982
2019-07-08,1.1480824099457982
2019-07-09,1.1480824099457982
2019-07-10,1.1480824099457982
2019-07-11,1.1480824099457982
2019-07-12,1.1480824099457982
2019-07-13,1.1480824099457982
2019-07-14,1.149570289162383
2019-07-15,1.149570289162383
2019-07-16,1.149570289162383
2019-07-17,1.1487301737926523
2019-07-18,1.1487301737926523
2019-07-19,1.1487301737926523
2019-07-20,1.1487301737926523
2019-07-21,1.1487301737926523
2019-07-22,1.1487301737926523
2019-07-23,1.1487301737926523
2019-07-24,1.1487301737926523
2019-07-25,1.1487301737926523
2019-07-26,1.1487301737926523
2019-07-27,1.1487301737926523
2019-07-28,1.1487301737926523
2019-07-29,1.1487301737926523
2019-07-30,1.1487301737926523
2019-07-31,1.1487301737926523
2019-08-01,1.1487301737926523
2019-08-02,1.1487301737926523
2019-08-03,1.1487301737926523
2019-08-04,1.1487301737926523
2019-08-05,1.1507903322728408
2019-08-06,1.1507903322728408
2019-08-07,1.1507903322728408
2019-08-08,1.1507903322728408
2019-08-09,1.1507903322728408
2019-08-10,1.1507903322728408
2019-08-11,1.1507903322728408
2019-08-12,1.1507903322728408
2019-08-13,1.1507903322728408
2019-08-14,1.1507903322728408
2019-08-15,1.1507903322728408
2019-08-16,1.1507903322728408
2019-08-17,1.1507903322728408
2019-08-18,1.1507903322728408
2019-08-19,1.1515049642779682
2019-08-20,1.1515049642779682
2019-08-21,1.1515049642779682
2019-08-22,1.1515049642779682
2019-08-23,1.1515049642779682
2019-08-24,1.1515049642779682
2019-08-25,1.1515049642779682
2019-08-26,1.1515049642779682
2019-08-27,1.1515049642779682
2019-08-28,1.1515049642779682
2019-08-29,1.1515049642779682
2019-08-30,1.1515049642779682
2019-08-31,1.1515049642779682
2019-09-01,1.1515049642779682
2019-09-02,1.1515049642779682
2019-09-03,1.1515049642779682
2019-09-04,1.1515049642779682
2019-09-05,1.1515049642779682
2019-09-06,1.1515049642779682
2019-09-07,1.1515049642779682
2019-09-08,1.1515049642779682
2019-09-09,1.1515049642779682
2019-09-10,1.1515049642779682
2019-09-11,1.1525493829178945
2019-09-12,1.1525493829178945
2019-09-13,1.1525493829178945
2019-09-14,1.1525493829178945
2019-09-15,1.1525493829178945
2019-09-16,1.1525493829178945
2019-09-17,1.1525493829178945
2019-09-18,1.1525493829178945
2019-09-19,1.1525493829178945
2019-09-20,1.1525493829178945
2019-09-21,1.1525493829178945
2019-09-22,1.1525493829178945
2019-09-23,1.1525493829178945
2019-09-24,1.1525493829178945
2019-09-25,1.1525493829178945
2019-09-26,1.1525493829178945
2019-09-27,1.1525493829178945
2019-09-28,1.1525493829178945
2019-09-29,1.1525493829178945
2019-09-30,1.1525493829178945
2019-10-01,1.1525493829178945
2019-10-02,1.1525493829178945
2019-10-03,1.1525493829178945
2019-10-04,1.1525493829178945
2019-10-05,1.1525493829178945
2019-10-06,1.1525493829178945
2019-10-07,1.1525493829178945
2019-10-08,1.1890663682091205
2019-10-09,1.1890663682091205
2019-10-10,1.1890663682091205
2019-10-11,1.1890663682091205
2019-10-12,1.1890663682091205
2019-10-13,1.1890663682091205
2019-10-14,1.1890663682091205
2019-10-15,1.1890663682091205
2019-10-16,1.1890663682091205
2019-10-17,1.1890663682091205
2019-10-18,1.1890663682091205
2019-10-19,1.1890663682091205
2019-10-20,1.1890663682091205
2019-10-21,1.1890663682091205
2019-10-22,1.1890663682091205
2019-10-23,1.1890663682091205
2019-10-24,1.1890663682091205
2019-10-25,1.1890663682091205
2019-10-26,1.1890663682091205
2019-10-27,1.1890663682091205
2019-10-28,1.1890663682091205
2019-10-29,1.1890663682091205
2019-10-30,1.1890663682091205
2019-10-31,1.1890663682091205
2019-11-01,1.1890663682091205
2019-11-02,1.1890663682091205
2019-11-03,1.1890663682091205
2019-11-04,1.1890663682091205
2019-11-05,1.1890663682091205
2019-11-06,1.1890663682091205
2019-11-07,1.1890663682091205
2019-11-08,1.1890663682091205
2019-11-09,1.1890663682091205
2019-11-10,1.1890663682091205
2019-11-11,1.1890663682091205
2019-11-12,1.1890663682091205
2019-11-13,1.1890663682091205
2019-11-14,1.1890663682091205
2019-11-15,1.1890663682091205
2019-11-16,1.1890663682091205
2019-11-17,1.1890663682091205
2019-11-18,1.1890663682091205
2019-11-19,1.1890663682091205
2019-11-20,1.1890663682091205
2019-11-21,1.1890663682091205
2019-11-22,1.1890663682091205
2019-11-23,1.1890663682091205
2019-11-24,1.1890663682091205
2019-11-25,1.1890663682091205
2019-11-26,1.1890663682091205
2019-11-27,1.1890663682091205
2019-11-28,1.1890663682091205
2019-11-29,1.1864745927216918
2019-11-30,1.1864745927216918
2019-12-01,1.1864745927216918
2019-12-02,1.1864745927216918
2019-12-03,1.1864745927216918
2019-12-04,1.1864745927216918
2019-12-05,1.1864745927216918
2019-12-06,1.1864745927216918
2019-12-07,1.1864745927216918
2019-12-08,1.1864745927216918
2019-12-09,1.1864745927216918
2019-12-10,1.1864745927216918
2019-12-11,1.1864745927216918
2019-12-12,1.1864745927216918
2019-12-13,1.1864745927216918
2019-12-14,1.1864745927216918
2019-12-15,1.1864745927216918
2019-12-16,1.1864745927216918
2019-12-17,1.186270592382457
2019-12-18,1.186270592382457
2019-12-19,1.1846823356373644
2019-12-20,1.1846823356373644
2019-12-21,1.1846823356373644
2019-12-22,1.182955869705491
2019-12-23,1.182955869705491
2019-12-24,1.182955869705491
2019-12-25,1.182955869705491
2019-12-26,1.1832900115252414
2019-12-27,1.1832900115252414
2019-12-28,1.1844825443836602
2019-12-29,1.1844825443836602
2019-12-30,1.1848590094096914
2019-12-31,1.1848590094096914
2020-01-01,1.1848590094096914
2020-01-02,1.1848590094096914
2020-01-03,1.1848590094096914
2020-01-04,1.1848590094096914
2020-01-05,1.1848590094096914
2020-01-06,1.1848590094096914
2020-01-07,1.1848590094096914
2020-01-08,1.1848590094096914
2020-01-09,1.1836582601650782
2020-01-10,1.1836582601650782
2020-01-11,1.1836582601650782
2020-01-12,1.1836582601650782
2020-01-13,1.1836582601650782
2020-01-14,1.1836582601650782
2020-01-15,1.1823706060873136
2020-01-16,1.1823706060873136
2020-01-17,1.1823706060873136
2020-01-18,1.1823706060873136
2020-01-19,1.1823706060873136
2020-01-20,1.1802262202024743
2020-01-21,1.1802262202024743
2020-01-22,1.1802262202024743
2020-01-23,1.1802262202024743
2020-01-24,1.1801889026419459
2020-01-25,1.1801889026419459
2020-01-26,1.1801889026419459
2020-01-27,1.1807820230614166
2020-01-28,1.1807820230614166
2020-01-29,1.1807820230614166
2020-01-30,1.184764527610867
2020-01-31,1.184764527610867
2020-02-01,1.183507287746432
2020-02-02,1.183507287746432
2020-02-03,1.1861705979785941
2020-02-04,1.1861705979785941
2020-02-05,1.1861705979785941
2020-02-06,1.1861705979785941
2020-02-07,1.1861705979785941
2020-02-08,1.1861705979785941
2020-02-09,1.1861705979785941
2020-02-10,1.1861705979785941
2020-02-11,1.1861705979785941
2020-02-12,1.1861705979785941
2020-02-13,1.1861705979785941
2020-02-14,1.1861705979785941
2020-02-15,1.1980411987967485
2020-02-16,1.1980411987967485
2020-02-17,1.1980411987967485
2020-02-18,1.1980411987967485
2020-02-19,1.1980411987967485
2020-02-20,1.1980411987967485
2020-02-21,1.1980411987967485
2020-02-22,1.1980411987967485
2020-02-23,1.1980411987967485
2020-02-24,1.1980411987967485
2020-02-25,1.1980411987967485
2020-02-26,1.1980411987967485
2020-02-27,1.1980411987967485
2020-02-28,1.1980411987967485
2020-02-29,1.1980411987967485
2020-03-01,1.1980411987967485
2020-03-02,1.1980411987967485
2020-03-03,1.1980411987967485
2020-03-04,1.1980411987967485
2020-03-05,1.1980411987967485
2020-03-06,1.1980411987967485
2020-03-07,1.1980411987967485
2020-03-08,1.1980411987967485
2020-03-09,1.1980411987967485
2020-03-10,1.1980411987967485
2020-03-11,1.1980411987967485
2020-03-12,1.1980411987967485
2020-03-13,1.1980411987967485
2020-03-14,1.1980411987967485
2020-03-15,1.1980411987967485
2020-03-16,1.1980411987967485
2020-03-17,1.1980411987967485
2020-03-18,1.1980411987967485
2020-03-19,1.1953615652313618
2020-03-20,1.1953615652313618
2020-03-21,1.1953615652313618
2020-03-22,1.1953615652313618
2020-03-23,1.1953615652313618
2020-03-24,1.1953615652313618
2020-03-25,1.1953615652313618
2020-03-26,1.1941570612995118
2020-03-27,1.1941570612995118
2020-03-28,1.188699627198288
2020-03-29,1.188699627198288
2020-03-30,1.188699627198288
2020-03-31,1.188699627198288
2020-04-01,1.188699627198288
2020-04-02,1.188699627198288
2020-04-03,1.188699627198288
2020-04-04,1.188699627198288
2020-04-05,1.188699627198288
2020-04-06,1.188699627198288
2020-04-07,1.188699627198288
2020-04-08,1.188699627198288
2020-04-09,1.188699627198288
2020-04-10,1.188699627198288
2020-04-11,1.188699627198288
2020-04-12,1.188699627198288
2020-04-13,1.188699627198288
2020-04-14,1.188699627198288
2020-04-15,1.188699627198288
2020-04-16,1.188699627198288
2020-04-17,1.188699627198288
2020-04-18,1.188699627198288
2020-04-19,1.188699627198288
2020-04-20,1.188699627198288
2020-04-21,1.2038420801911232
2020-04-22,1.2038420801911232
2020-04-23,1.2038420801911232
2020-04-24,1.2038420801911232
2020-04-25,1.2038420801911232
2020-04-26,1.2038420801911232
2020-04-27,1.2038420801911232
2020-04-28,1.2038420801911232
2020-04-29,1.2038420801911232
2020-04-30,1.2038420801911232
2020-05-01,1.2042415216909164
2020-05-02,1.2042415216909164
2020-05-03,1.2042415216909164
2020-05-04,1.2042415216909164
2020-05-05,1.2042415216909164
2020-05-06,1.2042415216909164
2020-05-07,1.2042415216909164
2020-05-08,1.2042415216909164
2020-05-09,1.2042415216909164
2020-05-10,1.2042415216909164
2020-05-11,1.2042415216909164
2020-05-12,1.2042415216909164
2020-05-13,1.2042415216909164
2020-05-14,1.2042415216909164
2020-05-15,1.1998097314201555
2020-05-16,1.1998097314201555
2020-05-17,1.1998097314201555
2020-05-18,1.1998097314201555
2020-05-19,1.1998097314201555
2020-05-20,1.1998097314201555
2020-05-21,1.1998097314201555
2020-05-22,1.1998097314201555
2020-05-23,1.1998097314201555
2020-05-24,1.1998097314201555
2020-05-25,1.1998097314201555
2020-05-26,1.1998097314201555
2020-05-27,1.1998097314201555
2020-05-28,1.1998097314201555
2020-05-29,1.1998097314201555
2020-05-30,1.2059888746072345
2020-05-31,1.2059888746072345
2020-06-01,1.2059888746072345
2020-06-02,1.2059888746072345
2020-06-03,1.2059888746072345
2020-06-04,1.2059888746072345
2020-06-05,1.2059888746072345
2020-06-06,1.2059888746072345
2020-06-07,1.2059888746072345
2020-06-08,1.2059888746072345
2020-06-09,1.2059888746072345
2020-06-10,1.2059888746072345
2020-06-11,1.2059888746072345
2020-06-12,1.2059888746072345
2020-06-13,1.2059888746072345
2020-06-14,1.2059888746072345
2020-06-15,1.2059888746072345
2020-06-16,1.2059888746072345
2020-06-17,1.2059888746072345
2020-06-18,1.2059888746072345
2020-06-19,1.2059888746072345
2020-06-20,1.2059888746072345
2020-06-21,1.2059888746072345
2020-06-22,1.1959244561955025
2020-06-23,1.1959244561955025
2020-06-24,1.1959244561955025
2020-06-25,1.1959244561955025
2020-06-26,1.1959244561955025
2020-06-27,1.1959244561955025
2020-06-28,1.1959244561955025
2020-06-29,1.1959244561955025
2020-06-30,1.1959244561955025
2020-07-01,1.1959244561955025
2020-07-02,1.1959244561955025
2020-07-03,1.1959244561955025
2020-07-04,1.1959244561955025
2020-07-05,1.1959244561955025
2020-07-06,1.1959244561955025
2020-07-07,1.1959244561955025
2020-07-08,1.1959244561955025
2020-07-09,1.1959244561955025
2020-07-10,1.1959244561955025
2020-07-11,1.1959244561955025
2020-07-12,1.1959244561955025
2020-07-13,1.1959244561955025
2020-07-14,1.1959244561955025
2020-07-15,1.1959244561955025
2020-07-16,1.1959244561955025
2020-07-17,1.1959244561955025
2020-07-18,1.1959244561955025
2020-07-19,1.1959244561955025
2020-07-20,1.2046038617443091
2020-07-21,1.2046038617443091
2020-07-22,1.2046038617443091
2020-07-23,1.2046038617443091
2020-07-24,1.2046038617443091
2020-07-25,1.2046038617443091
2020-07-26,1.2027118018416174
2020-07-27,1.2027118018416174
2020-07-28,1.2027118018416174
2020-07-29,1.2027118018416174
2020-07-30,1.2027118018416174
2020-07-31,1.2027118018416174
2020-08-01,1.2027118018416174
2020-08-02,1.2027118018416174
2020-08-03,1.2027118018416174
2020-08-04,1.2027118018416174
2020-08-05,1.2027118018416174
2020-08-06,1.2027118018416174
2020-08-07,1.2027118018416174
2020-08-08,1.2027118018416174
2020-08-09,1.2027118018416174
2020-08-10,1.2027118018416174
2020-08-11,1.2027118018416174
2020-08-12,1.2027118018416174
2020-08-13,1.2027118018416174
2020-08-14,1.2027118018416174
2020-08-15,1.2027118018416174
2020-08-16,1.2027118018416174
2020-08-17,1.2027118018416174
2020-08-18,1.2027118018416174
2020-08-19,1.2027118018416174
2020-08-20,1.1933109243222975
2020-08-21,1.1933109243222975
2020-08-22,1.1933109243222975
2020-08-23,1.1933109243222975
2020-08-24,1.1933109243222975
2020-08-25,1.1933109243222975
2020-08-26,1.1933109243222975
2020-08-27,1.1933109243222975
2020-08-28,1.1933109243222975
2020-08-29,1.1933109243222975
2020-08-30,1.1933109243222975
2020-08-31,1.1933109243222975
2020-09-01,1.1933109243222975
2020-09-02,1.1933109243222975
2020-09-03,1.1933109243222975
2020-09-04,1.1933109243222975
2020-09-05,1.1933109243222975
2020-09-06,1.1933109243222975
2020-09-07,1.1933109243222975
2020-09-08,1.1933109243222975
2020-09-09,1.1933109243222975
2020-09-10,1.1933109243222975
2020-09-11,1.1933109243222975
2020-09-12,1.1933109243222975
2020-09-13,1.1933109243222975
2020-09-14,1.1933109243222975
2020-09-15,1.1933109243222975
2020-09-16,1.1933109243222975
2020-09-17,1.1933109243222975
2020-09-18,1.1933109243222975
2020-09-19,1.1933109243222975
2020-09-20,1.1933109243222975
2020-09-21,1.1933109243222975
2020-09-22,1.1933109243222975
2020-09-23,1.1933109243222975
2020-09-24,1.1933109243222975
2020-09-25,1.1933109243222975
2020-09-26,1.1933109243222975
2020-09-27,1.1933109243222975
2020-09-28,1.1933109243222975
2020-09-29,1.1933109243222975
2020-09-30,1.1933109243222975
2020-10-01,1.1933109243222975
2020-10-02,1.1933109243222975
2020-10-03,1.2053299693295283
2020-10-04,1.2053299693295283
2020-10-05,1.2053299693295283
2020-10-06,1.2053299693295283
2020-10-07,1.2053299693295283
2020-10-08,1.204668439005632
2020-10-09,1.204668439005632
2020-10-10,1.204668439005632
2020-10-11,1.204668439005632
2020-10-12,1.204668439005632
2020-10-13,1.204551912125252
2020-10-14,1.204551912125252
2020-10-15,1.204551912125252
2020-10-16,1.204551912125252
2020-10-17,1.204551912125252
2020-10-18,1.204551912125252
2020-10-19,1.204551912125252
2020-10-20,1.204551912125252
2020-10-21,1.204551912125252
2020-10-22,1.204551912125252
2020-10-23,1.208600820047923
2020-10-24,1.208600820047923
2020-10-25,1.208600820047923
2020-10-26,1.208600820047923
2020-10-27,1.208600820047923
2020-10-28,1.208600820047923
2020-10-29,1.208600820047923
2020-10-30,1.208600820047923
2020-10-31,1.208600820047923
2020-11-01,1.208600820047923
2020-11-02,1.208600820047923
2020-11-03,1.208600820047923
2020-11-04,1.208600820047923
2020-11-05,1.208600820047923
2020-11-06,1.208600820047923
2020-11-07,1.208600820047923
2020-11-08,1.208600820047923
2020-11-09,1.208600820047923
2020-11-10,1.208600820047923
2020-11-11,1.208600820047923
2020-11-12,1.208600820047923
2020-11-13,1.208600820047923
2020-11-14,1.208600820047923
2020-11-15,1.208600820047923
2020-11-16,1.208600820047923
2020-11-17,1.208600820047923
2020-11-18,1.208600820047923
2020-11-19,1.208600820047923
2020-11-20,1.208600820047923
2020-11-21,1.208600820047923
2020-11-22,1.208600820047923
2020-11-23,1.208600820047923
2020-11-24,1.208600820047923
2020-11-25,1.208600820047923
2020-11-26,1.208600820047923
2020-11-27,1.208600820047923
2020-11-28,1.2372807941415953
2020-11-29,1.2372807941415953
2020-11-30,1.2372807941415953
2020-12-01,1.2372807941415953
2020-12-02,1.2372807941415953
2020-12-03,1.2372807941415953
2020-12-04,1.2372807941415953
2020-12-05,1.2372807941415953
2020-12-06,1.2372807941415953
2020-12-07,1.2372807941415953
2020-12-08,1.2372807941415953
2020-12-09,1.2372807941415953
2020-12-10,1.2372807941415953
2020-12-11,1.2372807941415953
2020-12-12,1.2372807941415953
2020-12-13,1.2372807941415953
2020-12-14,1.2372807941415953
2020-12-15,1.2370315492949282
2020-12-16,1.2370315492949282
2020-12-17,1.2370315492949282
2020-12-18,1.2370315492949282
2020-12-19,1.2370315492949282
2020-12-20,1.2370315492949282
2020-12-21,1.2370315492949282
2020-12-22,1.2370315492949282
2020-12-23,1.2370315492949282
2020-12-24,1.2370315492949282
2020-12-25,1.2370315492949282
2020-12-26,1.2370554868990866
2020-12-27,1.2370554868990866
2020-12-28,1.2370554868990866
2020-12-29,1.2370554868990866
2020-12-30,1.2370554868990866
2020-12-31,1.2350269907290856
2021-01-01,1.2350269907290856
2021-01-02,1.2350269907290856
2021-01-03,1.2350269907290856
2021-01-04,1.2350269907290856
2021-01-05,1.2350269907290856
2021-01-06,1.2350269907290856
2021-01-07,1.2350269907290856
2021-01-08,1.2350269907290856
2021-01-09,1.2350269907290856
2021-01-10,1.2350269907290856
2021-01-11,1.2350269907290856
2021-01-12,1.2350269907290856
2021-01-13,1.2350269907290856
2021-01-14,1.2350269907290856
2021-01-15,1.2350269907290856
2021-01-16,1.2350269907290856
2021-01-17,1.2350269907290856
2021-01-18,1.2350269907290856
2021-01-19,1.2350269907290856
2021-01-20,1.2350269907290856
2021-01-21,1.2350269907290856
2021-01-22,1.2350269907290856
2021-01-23,1.2350269907290856
2021-01-24,1.232876407451854
2021-01-25,1.232876407451854
2021-01-26,1.232876407451854
2021-01-27,1.232876407451854
2021-01-28,1.232876407451854
2021-01-29,1.2296345245902347
2021-01-30,1.2296345245902347
2021-01-31,1.2296345245902347
2021-02-01,1.2296345245902347
2021-02-02,1.2296345245902347
2021-02-03,1.2296345245902347
2021-02-04,1.2296345245902347
2021-02-05,1.2296345245902347
2021-02-06,1.2296345245902347
2021-02-07,1.2296345245902347
2021-02-08,1.2296345245902347
2021-02-09,1.2296345245902347
2021-02-10,1.2296345245902347
2021-02-11,1.2296345245902347
2021-02-12,1.2296345245902347
2021-02-13,1.23611531654074
2021-02-14,1.23611531654074
2021-02-15,1.23611531654074
2021-02-16,1.23611531654074
2021-02-17,1.23611531654074
2021-02-18,1.23611531654074
2021-02-19,1.23611531654074
2021-02-20,1.23611531654074
2021-02-21,1.23611531654074
2021-02-22,1.23611531654074
2021-02-23,1.23611531654074
2021-02-24,1.23611531654074
2021-02-25,1.23611531654074
2021-02-26,1.23611531654074
2021-02-27,1.2478523638620524
2021-02-28,1.2478523638620524
2021-03-01,1.2478523638620524
2021-03-02,1.2478523638620524
2021-03-03,1.2478523638620524
2021-03-04,1.2466467586106877
2021-03-05,1.2466467586106877
2021-03-06,1.2466467586106877
2021-03-07,1.2466467586106877
2021-03-08,1.2466467586106877
2021-03-09,1.2466467586106877
2021-03-10,1.2466467586106877
2021-03-11,1.2466467586106877
2021-03-12,1.246235018723132
2021-03-13,1.246235018723132
2021-03-14,1.246235018723132
2021-03-15,1.246235018723132
2021-03-16,1.2438171741859265
2021-03-17,1.2438171741859265
2021-03-18,1.2438171741859265
2021-03-19,1.2438171741859265
2021-03-20,1.2438171741859265
2021-03-21,1.2438171741859265
2021-03-22,1.2438171741859265
2021-03-23,1.2438171741859265
2021-03-24,1.2438171741859265
2021-03-25,1.2438171741859265
2021-03-26,1.2438171741859265
2021-03-27,1.244758185826947
2021-03-28,1.244758185826947
2021-03-29,1.244758185826947
2021-03-30,1.244758185826947
2021-03-31,1.244758185826947
2021-04-01,1.239397224774617
2021-04-02,1.239397224774617
2021-04-03,1.239397224774617
2021-04-04,1.239397224774617
2021-04-05,1.239397224774617
2021-04-06,1.239397224774617
2021-04-07,1.239397224774617
2021-04-08,1.239397224774617
2021-04-09,1.239397224774617
2021-04-10,1.239397224774617
2021-04-11,1.239397224774617
2021-04-12,1.239397224774617
2021-04-13,1.239397224774617
2021-04-14,1.239397224774617
2021-04-15,1.239397224774617
2021-04-16,1.239397224774617
2021-04-17,1.239397224774617
2021-04-18,1.2395114721425882
2021-04-19,1.2395114721425882
2021-04-20,1.2395114721425882
2021-04-21,1.2395114721425882
2021-04-22,1.2395114721425882
2021-04-23,1.2395114721425882
2021-04-24,1.2395114721425882
2021-04-25,1.2395114721425882
2021-04-26,1.2395114721425882
2021-04-27,1.2395114721425882
2021-04-28,1.2395114721425882
2021-04-29,1.2395114721425882
2021-04-30,1.2395114721425882
2021-05-01,1.2395114721425882
2021-05-02,1.2395114721425882
2021-05-03,1.2395114721425882
2021-05-04,1.2395114721425882
2021-05-05,1.2395114721425882
2021-05-06,1.2395114721425882
2021-05-07,1.2395114721425882
2021-05-08,1.2408308352415138
2021-05-09,1.2408308352415138
2021-05-10,1.2408308352415138
2021-05-11,1.2408308352415138
2021-05-12,1.2408308352415138
2021-05-13,1.2408308352415138
2021-05-14,1.2408308352415138
2021-05-15,1.2408308352415138
2021-05-16,1.2408308352415138
2021-05-17,1.2408308352415138
2021-05-18,1.2408308352415138
2021-05-19,1.2408308352415138
2021-05-20,1.2408308352415138
2021-05-21,1.2408308352415138
2021-05-22,1.2408308352415138
2021-05-23,1.2408308352415138
2021-05-24,1.2408308352415138
2021-05-25,1.2408308352415138
2021-05-26,1.2408308352415138
2021-05-27,1.2408308352415138
2021-05-28,1.2408308352415138
2021-05-29,1.2408308352415138
2021-05-30,1.2408308352415138
2021-05-31,1.2408308352415138
2021-06-01,1.2408308352415138
2021-06-02,1.2411383462165084
2021-06-03,1.2411383462165084
2021-06-04,1.2408939608005005
2021-06-05,1.2408939608005005
2021-06-06,1.2412188322201319
2021-06-07,1.2412188322201319
2021-06-08,1.2412188322201319
2021-06-09,1.2412188322201319
2021-06-10,1.2412188322201319
2021-06-11,1.2412188322201319
2021-06-12,1.2412188322201319
2021-06-13,1.2412188322201319
2021-06-14,1.2412188322201319
2021-06-15,1.2412188322201319
2021-06-16,1.2412188322201319
2021-06-17,1.2412188322201319
2021-06-18,1.2412188322201319
2021-06-19,1.2412188322201319
2021-06-20,1.2412188322201319
2021-06-21,1.2412188322201319
2021-06-22,1.2412188322201319
2021-06-23,1.2412188322201319
2021-06-24,1.2412188322201319
2021-06-25,1.2412188322201319
2021-06-26,1.2412188322201319
2021-06-27,1.2412188322201319
2021-06-28,1.245758412772147
2021-06-29,1.245758412772147
2021-06-30,1.245758412772147
2021-07-01,1.245758412772147
2021-07-02,1.245758412772147
2021-07-03,1.245758412772147
2021-07-04,1.245758412772147
2021-07-05,1.245758412772147
2021-07-06,1.245758412772147
2021-07-07,1.245758412772147
2021-07-08,1.2468203522051435
2021-07-09,1.2468203522051435
2021-07-10,1.2468203522051435
2021-07-11,1.2468203522051435
2021-07-12,1.2468203522051435
2021-07-13,1.2468203522051435
2021-07-14,1.2468203522051435
2021-07-15,1.2468203522051435
2021-07-16,1.2468203522051435
2021-07-17,1.2468203522051435
2021-07-18,1.2468203522051435
2021-07-19,1.2468203522051435
2021-07-20,1.2468203522051435
2021-07-21,1.2468203522051435
2021-07-22,1.2468203522051435
2021-07-23,1.2468203522051435
2021-07-24,1.2468203522051435
2021-07-25,1.2468203522051435
2021-07-26,1.2468203522051435
2021-07-27,1.2468203522051435
2021-07-28,1.2468203522051435
2021-07-29,1.2468203522051435
2021-07-30,1.2468203522051435
2021-07-31,1.2468203522051435
2021-08-01,1.2455247523469
2021-08-02,1.2455247523469
2021-08-03,1.2455247523469
2021-08-04,1.2455247523469
2021-08-05,1.2455247523469
2021-08-06,1.2455247523469
2021-08-07,1.2455247523469
2021-08-08,1.2455247523469
2021-08-09,1.2455247523469
2021-08-10,1.2455247523469
2021-08-11,1.2455247523469
2021-08-12,1.2455247523469
2021-08-13,1.2455247523469
2021-08-14,1.2455247523469
2021-08-15,1.2455247523469
2021-08-16,1.2455247523469
2021-08-17,1.2455247523469
2021-08-18,1.2455247523469
2021-08-19,1.2455247523469
2021-08-20,1.2455247523469
2021-08-21,1.2455247523469
2021-08-22,1.2455247523469
2021-08-23,1.257316550740267
2021-08-24,1.257316550740267
2021-08-25,1.257316550740267
2021-08-26,1.257316550740267
2021-08-27,1.257316550740267
2021-08-28,1.257316550740267
2021-08-29,1.257316550740267
2021-08-30,1.257316550740267
2021-08-31,1.257316550740267
2021-09-01,1.257316550740267
2021-09-02,1.257316550740267
2021-09-03,1.257316550740267
2021-09-04,1.257316550740267
2021-09-05,1.257316550740267
2021-09-06,1.257316550740267
2021-09-07,1.257316550740267
2021-09-08,1.257316550740267
2021-09-09,1.257316550740267
2021-09-10,1.257316550740267
2021-09-11,1.257316550740267
2021-09-12,1.257316550740267
2021-09-13,1.257316550740267
2021-09-14,1.257316550740267
2021-09-15,1.257316550740267
2021-09-16,1.257316550740267
2021-09-17,1.2619667179253768
2021-09-18,1.2619667179253768
2021-09-19,1.2619667179253768
2021-09-20,1.2619667179253768
2021-09-21,1.2619667179253768
2021-09-22,1.2619667179253768
2021-09-23,1.2619667179253768
2021-09-24,1.2619667179253768
2021-09-25,1.2619667179253768
2021-09-26,1.2619667179253768
2021-09-27,1.2619667179253768
2021-09-28,1.2619667179253768
2021-09-29,1.2619667179253768
2021-09-30,1.2619667179253768
2021-10-01,1.2619667179253768
2021-10-02,1.2619667179253768
2021-10-03,1.2619667179253768
2021-10-04,1.2619667179253768
2021-10-05,1.2619667179253768
2021-10-06,1.2619667179253768
2021-10-07,1.2619667179253768
2021-10-08,1.2619667179253768
2021-10-09,1.2619667179253768
2021-10-10,1.2619667179253768
2021-10-11,1.2614776051951877
2021-10-12,1.2614776051951877
2021-10-13,1.2614776051951877
2021-10-14,1.2614776051951877
2021-10-15,1.2614776051951877
2021-10-16,1.2607439957005442
2021-10-17,1.2607439957005442
2021-10-18,1.2607439957005442
2021-10-19,1.2607439957005442
2021-10-20,1.2607439957005442
2021-10-21,1.2607439957005442
2021-10-22,1.2607439957005442
2021-10-23,1.2607439957005442
2021-10-24,1.2607439957005442
2021-10-25,1.2607439957005442
2021-10-26,1.2607439957005442
2021-10-27,1.2607439957005442
2021-10-28,1.2623020028127465
2021-10-29,1.2623020028127465
2021-10-30,1.2636895716367909
2021-10-31,1.2636895716367909
2021-11-01,1.2621461003285472
2021-11-02,1.2621461003285472
2021-11-03,1.2621461003285472
2021-11-04,1.2621461003285472
2021-11-05,1.2621461003285472
2021-11-06,1.2621461003285472
2021-11-07,1.2621461003285472
2021-11-08,1.2621461003285472
2021-11-09,1.2621461003285472
2021-11-10,1.2621461003285472
2021-11-11,1.2621461003285472
2021-11-12,1.2621461003285472
2021-11-13,1.2621461003285472
2021-11-14,1.2680399420000321
2021-11-15,1.2680399420000321
2021-11-16,1.2680399420000321
2021-11-17,1.2680399420000321
2021-11-18,1.2680399420000321
2021-11-19,1.2680399420000321
2021-11-20,1.2654614023342574
2021-11-21,1.2654614023342574
2021-11-22,1.2654614023342574
2021-11-23,1.2654614023342574
2021-11-24,1.2654614023342574
2021-11-25,1.2654614023342574
2021-11-26,1.2654614023342574
2021-11-27,1.2654614023342574
2021-11-28,1.2654614023342574
2021-11-29,1.2654614023342574
2021-11-30,1.2654614023342574
2021-12-01,1.2654614023342574
2021-12-02,1.2654614023342574
2021-12-03,1.2654614023342574
2021-12-04,1.2654614023342574
2021-12-05,1.2654614023342574
2021-12-06,1.2654614023342574
2021-12-07,1.2654614023342574
2021-12-08,1.2654614023342574
2021-12-09,1.2654614023342574
2021-12-10,1.2654614023342574
2021-12-11,1.2654614023342574
2021-12-12,1.2626639062192089
2021-12-13,1.2626639062192089
2021-12-14,1.2626639062192089
2021-12-15,1.2626639062192089
2021-12-16,1.2626639062192089
2021-12-17,1.2626639062192089
2021-12-18,1.2626639062192089
2021-12-19,1.2626639062192089
2021-12-20,1.2626639062192089
2021-12-21,1.2626639062192089
2021-12-22,1.2626639062192089
2021-12-23,1.2626639062192089
2021-12-24,1.2626639062192089
2021-12-25,1.2618789320959554
2021-12-26,1.2618789320959554
2021-12-27,1.2618789320959554
2021-12-28,1.2618789320959554
2021-12-29,1.261484535716632
2021-12-30,1.261484535716632
2021-12-31,1.261484535716632
2022-01-01,1.261484535716632
2022-01-02,1.261484535716632
2022-01-03,1.261484535716632
2022-01-04,1.261484535716632
2022-01-05,1.261484535716632
2022-01-06,1.261484535716632
2022-01-07,1.261484535716632
2022-01-08,1.261484535716632
2022-01-09,1.261484535716632
2022-01-10,1.261484535716632
2022-01-11,1.2625867431432498
2022-01-12,1.2625867431432498
2022-01-13,1.2625867431432498
2022-01-14,1.2625867431432498
2022-01-15,1.2612338201405482
2022-01-16,1.2612338201405482
2022-01-17,1.2612338201405482
2022-01-18,1.2612338201405482
2022-01-19,1.2612338201405482
2022-01-20,1.2612338201405482
2022-01-21,1.2612338201405482
2022-01-22,1.2612338201405482
2022-01-23,1.2612338201405482
2022-01-24,1.2612338201405482
2022-01-25,1.2612338201405482
2022-01-26,1.2612338201405482
2022-01-27,1.2612338201405482
2022-01-28,1.2612338201405482
2022-01-29,1.2612338201405482
2022-01-30,1.2612338201405482
2022-01-31,1.2612338201405482
2022-02-01,1.2612338201405482
2022-02-02,1.2612338201405482
2022-02-03,1.2612338201405482
2022-02-04,1.2612338201405482
2022-02-05,1.2612338201405482
2022-02-06,1.2612338201405482
2022-02-07,1.2612338201405482
2022-02-08,1.2612338201405482
2022-02-09,1.2612338201405482
2022-02-10,1.2612338201405482
2022-02-11,1.2612338201405482
2022-02-12,1.2612338201405482
